time,glucose
2023-02-01 00:03:04,78
2023-02-01 00:08:04,70
2023-02-01 00:13:04,59
2023-02-01 00:18:03,59
2023-02-01 00:23:04,63
2023-02-01 00:28:03,64
2023-02-01 00:33:04,60
2023-02-01 00:38:04,51
2023-02-01 00:43:04,49
2023-02-01 00:48:03,52
2023-02-01 00:53:04,56
2023-02-01 00:58:04,59
2023-02-01 01:03:04,61
2023-02-01 01:08:04,63
2023-02-01 01:13:04,64
2023-02-01 01:18:04,68
2023-02-01 01:23:04,69
2023-02-01 01:28:04,63
2023-02-01 01:33:04,59
2023-02-01 01:38:04,57
2023-02-01 01:43:04,50
2023-02-01 01:48:04,56
2023-02-01 01:53:04,60
2023-02-01 01:58:04,65
2023-02-01 02:03:04,61
2023-02-01 02:08:04,80
2023-02-01 02:13:04,72
2023-02-01 02:18:04,68
2023-02-01 02:23:04,75
2023-02-01 02:28:04,76
2023-02-01 02:33:04,76
2023-02-01 02:38:04,75
2023-02-01 02:43:04,76
2023-02-01 02:48:04,78
2023-02-01 02:53:04,88
2023-02-01 02:58:04,93
2023-02-01 03:03:04,94
2023-02-01 03:08:04,93
2023-02-01 03:13:04,92
2023-02-01 03:18:04,92
2023-02-01 03:23:04,92
2023-02-01 03:28:04,94
2023-02-01 03:33:04,95
2023-02-01 03:38:04,96
2023-02-01 03:43:04,98
2023-02-01 03:48:04,97
2023-02-01 03:53:04,95
2023-02-01 03:58:04,96
2023-02-01 04:03:04,91
2023-02-01 04:08:04,88
2023-02-01 04:13:03,85
2023-02-01 04:18:05,85
2023-02-01 04:23:05,81
2023-02-01 04:28:05,76
2023-02-01 04:33:04,73
2023-02-01 04:38:05,71
2023-02-01 04:43:04,70
2023-02-01 04:48:05,69
2023-02-01 04:53:05,73
2023-02-01 04:58:05,82
2023-02-01 05:03:05,80
2023-02-01 05:08:05,88
2023-02-01 05:13:05,84
2023-02-01 05:18:05,82
2023-02-01 05:23:05,79
2023-02-01 05:28:04,78
2023-02-01 05:33:05,76
2023-02-01 05:38:04,76
2023-02-01 05:43:05,71
2023-02-01 05:48:05,66
2023-02-01 05:53:05,61
2023-02-01 05:58:04,64
2023-02-01 06:03:05,77
2023-02-01 06:08:05,75
2023-02-01 06:13:05,77
2023-02-01 06:18:05,80
2023-02-01 06:23:05,81
2023-02-01 06:28:05,86
2023-02-01 06:33:04,93
2023-02-01 06:38:05,112
2023-02-01 06:43:05,129
2023-02-01 06:48:05,164
2023-02-01 06:53:05,178
2023-02-01 06:58:05,180
2023-02-01 07:03:05,175
2023-02-01 07:08:05,178
2023-02-01 07:13:05,183
2023-02-01 07:18:04,188
2023-02-01 07:23:05,200
2023-02-01 07:28:05,204
2023-02-01 07:33:05,207
2023-02-01 07:38:05,202
2023-02-01 07:43:05,187
2023-02-01 07:48:05,168
2023-02-01 07:53:05,158
2023-02-01 07:58:05,155
2023-02-01 08:03:05,157
2023-02-01 08:08:06,155
2023-02-01 08:13:05,153
2023-02-01 08:18:05,149
2023-02-01 08:23:05,146
2023-02-01 08:28:05,144
2023-02-01 08:33:05,140
2023-02-01 08:38:05,135
2023-02-01 08:43:05,129
2023-02-01 08:48:05,125
2023-02-01 08:53:05,122
2023-02-01 08:58:05,121
2023-02-01 09:03:04,117
2023-02-01 09:08:04,114
2023-02-01 09:13:04,108
2023-02-01 09:18:04,105
2023-02-01 09:23:04,102
2023-02-01 09:28:05,100
2023-02-01 09:33:04,100
2023-02-01 09:38:04,98
2023-02-01 09:43:04,98
2023-02-01 09:48:04,97
2023-02-01 09:53:04,97
2023-02-01 09:58:04,97
2023-02-01 10:03:04,95
2023-02-01 10:08:04,93
2023-02-01 10:13:04,90
2023-02-01 10:18:05,89
2023-02-01 10:23:04,91
2023-02-01 10:28:04,93
2023-02-01 10:33:04,94
2023-02-01 10:38:04,95
2023-02-01 10:43:04,95
2023-02-01 10:48:04,96
2023-02-01 10:53:05,96
2023-02-01 10:58:04,94
2023-02-01 11:03:05,95
2023-02-01 11:08:05,94
2023-02-01 11:13:04,93
2023-02-01 11:18:04,91
2023-02-01 11:23:05,88
2023-02-01 11:28:04,89
2023-02-01 11:33:04,94
2023-02-01 11:38:04,93
2023-02-01 11:43:04,92
2023-02-01 11:48:04,91
2023-02-01 11:53:04,93
2023-02-01 11:58:05,91
2023-02-01 12:03:04,89
2023-02-01 12:08:04,88
2023-02-01 12:13:04,86
2023-02-01 12:18:04,85
2023-02-01 12:23:04,82
2023-02-01 12:28:04,80
2023-02-01 12:33:04,77
2023-02-01 12:38:04,77
2023-02-01 12:43:04,77
2023-02-01 12:48:04,78
2023-02-01 12:53:04,79
2023-02-01 12:58:05,80
2023-02-01 13:03:05,80
2023-02-01 13:08:04,78
2023-02-01 13:13:05,77
2023-02-01 13:18:04,77
2023-02-01 13:23:04,82
2023-02-01 13:28:04,99
2023-02-01 13:33:04,129
2023-02-01 13:38:04,153
2023-02-01 13:43:04,173
2023-02-01 13:48:04,176
2023-02-01 13:53:04,176
2023-02-01 13:58:04,176
2023-02-01 14:03:04,177
2023-02-01 14:08:04,188
2023-02-01 14:13:04,209
2023-02-01 14:18:04,228
2023-02-01 14:23:04,243
2023-02-01 14:28:04,258
2023-02-01 14:33:05,272
2023-02-01 14:38:04,268
2023-02-01 14:43:04,276
2023-02-01 14:48:05,281
2023-02-01 14:53:05,283
2023-02-01 14:58:04,283
2023-02-01 15:03:04,281
2023-02-01 15:08:04,289
2023-02-01 15:13:04,290
2023-02-01 15:18:04,292
2023-02-01 15:23:04,293
2023-02-01 15:28:04,297
2023-02-01 15:33:04,304
2023-02-01 15:38:04,306
2023-02-01 15:43:04,299
2023-02-01 15:48:05,281
2023-02-01 15:53:04,275
2023-02-01 15:58:04,279
2023-02-01 16:03:04,285
2023-02-01 16:08:04,297
2023-02-01 16:13:04,300
2023-02-01 16:18:04,304
2023-02-01 16:23:04,309
2023-02-01 16:28:04,317
2023-02-01 16:33:04,321
2023-02-01 16:38:04,327
2023-02-01 16:43:04,326
2023-02-01 16:48:04,329
2023-02-01 16:53:05,334
2023-02-01 16:58:04,335
2023-02-01 17:03:04,321
2023-02-01 17:08:04,308
2023-02-01 17:13:04,295
2023-02-01 17:18:04,279
2023-02-01 17:23:05,264
2023-02-01 17:28:05,249
2023-02-01 17:33:05,246
2023-02-01 17:38:06,252
2023-02-01 17:43:05,247
2023-02-01 17:48:05,237
2023-02-01 17:53:05,223
2023-02-01 17:58:06,215
2023-02-01 18:03:05,209
2023-02-01 18:08:05,194
2023-02-01 18:13:05,174
2023-02-01 18:18:05,154
2023-02-01 18:23:06,141
2023-02-01 18:28:05,126
2023-02-01 18:33:05,116
2023-02-01 18:38:05,105
2023-02-01 18:43:06,102
2023-02-01 18:48:06,111
2023-02-01 18:53:05,108
2023-02-01 18:58:06,99
2023-02-01 19:03:05,92
2023-02-01 19:08:05,89
2023-02-01 19:13:05,88
2023-02-01 19:18:05,86
2023-02-01 19:23:05,88
2023-02-01 19:28:05,93
2023-02-01 19:33:05,103
2023-02-01 19:38:06,106
2023-02-01 19:43:06,113
2023-02-01 19:48:05,113
2023-02-01 19:53:05,113
2023-02-01 19:58:06,111
2023-02-01 20:03:05,104
2023-02-01 20:08:06,96
2023-02-01 20:13:06,90
2023-02-01 20:18:06,88
2023-02-01 20:23:05,89
2023-02-01 20:28:05,93
2023-02-01 20:33:05,101
2023-02-01 20:38:06,107
2023-02-01 20:43:05,115
2023-02-01 20:48:05,125
2023-02-01 20:53:05,122
2023-02-01 20:58:05,118
2023-02-01 21:03:05,116
2023-02-01 21:08:06,110
2023-02-01 21:13:06,107
2023-02-01 21:18:06,109
2023-02-01 21:23:06,105
2023-02-01 21:28:05,102
2023-02-01 21:33:05,98
2023-02-01 21:38:04,96
2023-02-01 21:43:05,95
2023-02-01 21:48:04,99
2023-02-01 21:53:04,99
2023-02-01 21:58:05,102
2023-02-01 22:03:04,102
2023-02-01 22:08:04,112
2023-02-01 22:13:04,123
2023-02-01 22:18:04,122
2023-02-01 22:23:04,116
2023-02-01 22:28:04,107
2023-02-01 22:33:04,102
2023-02-01 22:38:04,98
2023-02-01 22:43:05,93
2023-02-01 22:48:05,86
2023-02-01 22:53:06,80
2023-02-01 22:58:05,75
2023-02-01 23:03:06,77
2023-02-01 23:08:06,82
2023-02-01 23:13:06,92
2023-02-01 23:18:05,110
2023-02-01 23:23:05,123
2023-02-01 23:28:05,135
2023-02-01 23:33:05,146
2023-02-01 23:38:05,160
2023-02-01 23:43:06,172
2023-02-01 23:48:05,187
2023-02-01 23:53:05,199
2023-02-01 23:58:05,210
2023-02-02 00:03:05,219
2023-02-02 00:08:05,226
2023-02-02 00:13:06,234
2023-02-02 00:18:05,237
2023-02-02 00:23:05,241
2023-02-02 00:28:05,241
2023-02-02 00:33:05,246
2023-02-02 00:38:05,258
2023-02-02 00:43:06,266
2023-02-02 00:48:05,268
2023-02-02 00:53:05,266
2023-02-02 00:58:06,259
2023-02-02 01:03:05,251
2023-02-02 01:08:06,244
2023-02-02 01:13:05,231
2023-02-02 01:18:06,222
2023-02-02 01:23:05,214
2023-02-02 01:28:05,207
2023-02-02 01:33:05,189
2023-02-02 01:38:05,176
2023-02-02 01:43:05,162
2023-02-02 01:48:05,144
2023-02-02 01:53:05,127
2023-02-02 01:58:06,113
2023-02-02 02:03:05,105
2023-02-02 02:08:05,101
2023-02-02 02:13:06,98
2023-02-02 02:18:06,94
2023-02-02 02:23:05,92
2023-02-02 02:28:05,90
2023-02-02 02:33:06,90
2023-02-02 02:38:05,87
2023-02-02 02:43:06,82
2023-02-02 02:48:05,78
2023-02-02 02:53:05,77
2023-02-02 02:58:06,74
2023-02-02 03:03:05,68
2023-02-02 03:08:06,69
2023-02-02 03:13:05,65
2023-02-02 03:18:06,60
2023-02-02 03:23:05,60
2023-02-02 03:28:06,61
2023-02-02 03:33:05,61
2023-02-02 03:38:05,59
2023-02-02 03:43:05,59
2023-02-02 03:48:05,65
2023-02-02 03:53:06,86
2023-02-02 03:58:05,97
2023-02-02 04:03:06,113
2023-02-02 04:08:05,129
2023-02-02 04:13:05,147
2023-02-02 04:18:06,165
2023-02-02 04:23:06,183
2023-02-02 04:28:05,199
2023-02-02 04:33:06,211
2023-02-02 04:38:05,217
2023-02-02 04:43:06,220
2023-02-02 04:48:05,227
2023-02-02 04:53:06,243
2023-02-02 04:58:05,255
2023-02-02 05:03:05,261
2023-02-02 05:08:05,261
2023-02-02 05:13:05,256
2023-02-02 05:18:05,238
2023-02-02 05:23:06,236
2023-02-02 05:28:06,236
2023-02-02 05:33:05,239
2023-02-02 05:38:06,239
2023-02-02 05:43:05,240
2023-02-02 05:48:06,246
2023-02-02 05:53:05,249
2023-02-02 05:58:05,254
2023-02-02 06:03:05,264
2023-02-02 06:08:05,267
2023-02-02 06:13:05,264
2023-02-02 06:18:06,263
2023-02-02 06:23:06,265
2023-02-02 06:28:05,273
2023-02-02 06:33:05,282
2023-02-02 06:38:05,288
2023-02-02 06:43:05,296
2023-02-02 06:48:05,301
2023-02-02 06:53:05,321
2023-02-02 06:58:05,335
2023-02-02 07:03:06,339
2023-02-02 07:08:06,341
2023-02-02 07:13:06,344
2023-02-02 07:18:05,349
2023-02-02 07:23:05,351
2023-02-02 07:28:06,345
2023-02-02 07:33:05,344
2023-02-02 07:38:05,352
2023-02-02 07:43:05,361
2023-02-02 07:48:05,366
2023-02-02 07:53:05,366
2023-02-02 07:58:05,345
2023-02-02 08:03:06,338
2023-02-02 08:08:06,338
2023-02-02 08:13:06,332
2023-02-02 08:18:05,329
2023-02-02 08:23:05,323
2023-02-02 08:28:05,325
2023-02-02 08:33:06,326
2023-02-02 08:38:06,323
2023-02-02 08:43:06,317
2023-02-02 08:48:05,290
2023-02-02 08:53:05,266
2023-02-02 08:58:05,264
2023-02-02 09:03:06,253
2023-02-02 09:08:06,241
2023-02-02 09:13:05,231
2023-02-02 09:18:05,231
2023-02-02 09:23:05,246
2023-02-02 09:28:06,267
2023-02-02 09:33:06,281
2023-02-02 09:38:05,285
2023-02-02 09:43:06,283
2023-02-02 09:48:05,264
2023-02-02 09:53:05,251
2023-02-02 09:58:06,274
2023-02-02 10:03:06,284
2023-02-02 10:08:06,281
2023-02-02 10:13:06,271
2023-02-02 10:18:05,242
2023-02-02 10:23:06,228
2023-02-02 10:28:05,213
2023-02-02 10:33:05,195
2023-02-02 10:38:05,173
2023-02-02 10:43:05,151
2023-02-02 10:48:06,134
2023-02-02 10:53:05,125
2023-02-02 10:58:06,124
2023-02-02 11:03:05,122
2023-02-02 11:08:05,133
2023-02-02 11:13:05,138
2023-02-02 11:18:06,138
2023-02-02 11:23:06,140
2023-02-02 11:28:06,145
2023-02-02 11:33:05,142
2023-02-02 11:38:05,140
2023-02-02 11:43:05,127
2023-02-02 11:48:06,102
2023-02-02 11:53:06,80
2023-02-02 11:58:06,90
2023-02-02 12:03:05,98
2023-02-02 12:08:06,128
2023-02-02 12:13:05,157
2023-02-02 12:18:05,176
2023-02-02 12:23:06,180
2023-02-02 12:28:06,176
2023-02-02 12:33:05,167
2023-02-02 12:38:06,148
2023-02-02 12:43:05,152
2023-02-02 12:48:05,160
2023-02-02 12:53:05,162
2023-02-02 12:58:05,158
2023-02-02 13:03:05,159
2023-02-02 13:08:05,157
2023-02-02 13:13:05,152
2023-02-02 13:18:06,144
2023-02-02 13:23:05,158
2023-02-02 13:28:06,155
2023-02-02 13:33:05,136
2023-02-02 13:38:06,132
2023-02-02 13:43:05,133
2023-02-02 13:48:06,139
2023-02-02 13:53:05,140
2023-02-02 13:58:06,136
2023-02-02 14:03:06,143
2023-02-02 14:08:06,142
2023-02-02 14:13:05,138
2023-02-02 14:18:05,133
2023-02-02 14:23:06,133
2023-02-02 14:28:05,131
2023-02-02 14:33:05,126
2023-02-02 14:38:06,126
2023-02-02 14:43:06,118
2023-02-02 14:48:05,120
2023-02-02 14:53:06,125
2023-02-02 14:58:05,118
2023-02-02 15:03:05,122
2023-02-02 15:08:05,126
2023-02-02 15:13:06,126
2023-02-02 15:18:06,127
2023-02-02 15:23:05,128
2023-02-02 15:28:05,136
2023-02-02 15:33:05,145
2023-02-02 15:38:05,152
2023-02-02 15:43:06,163
2023-02-02 15:48:05,191
2023-02-02 15:53:05,183
2023-02-02 15:58:05,179
2023-02-02 16:03:05,165
2023-02-02 16:08:05,133
2023-02-02 16:13:06,134
2023-02-02 16:18:05,137
2023-02-02 16:23:06,144
2023-02-02 16:28:05,150
2023-02-02 16:33:06,151
2023-02-02 16:38:06,152
2023-02-02 16:43:05,129
2023-02-02 16:48:06,94
2023-02-02 16:53:05,83
2023-02-02 16:58:06,87
2023-02-02 17:03:05,95
2023-02-02 17:08:06,100
2023-02-02 17:13:05,111
2023-02-02 17:18:06,129
2023-02-02 17:23:05,152
2023-02-02 17:28:06,165
2023-02-02 17:33:05,169
2023-02-02 17:38:05,168
2023-02-02 17:43:06,161
2023-02-02 17:48:05,149
2023-02-02 17:53:05,146
2023-02-02 17:58:06,162
2023-02-02 18:03:06,185
2023-02-02 18:08:06,212
2023-02-02 18:13:06,198
2023-02-02 18:18:06,194
2023-02-02 18:23:06,196
2023-02-02 18:28:06,219
2023-02-02 18:33:06,227
2023-02-02 18:38:06,233
2023-02-02 18:43:05,231
2023-02-02 18:48:06,234
2023-02-02 18:53:06,230
2023-02-02 18:58:06,224
2023-02-02 19:03:06,229
2023-02-02 19:08:06,242
2023-02-02 19:13:06,246
2023-02-02 19:18:06,242
2023-02-02 19:23:06,238
2023-02-02 19:28:06,230
2023-02-02 19:33:05,222
2023-02-02 19:38:05,212
2023-02-02 19:43:06,208
2023-02-02 19:48:05,202
2023-02-02 19:53:05,189
2023-02-02 19:58:05,176
2023-02-02 20:03:06,167
2023-02-02 20:08:05,156
2023-02-02 20:13:06,142
2023-02-02 20:18:05,126
2023-02-02 20:23:06,108
2023-02-02 20:28:06,87
2023-02-02 20:33:06,79
2023-02-02 20:38:06,83
2023-02-02 20:43:06,85
2023-02-02 20:48:06,100
2023-02-02 20:53:06,100
2023-02-02 20:58:06,101
2023-02-02 21:03:06,104
2023-02-02 21:08:05,114
2023-02-02 21:13:05,123
2023-02-02 21:18:06,122
2023-02-02 21:23:05,109
2023-02-02 21:28:05,98
2023-02-02 21:33:06,94
2023-02-02 21:38:05,94
2023-02-02 21:43:05,98
2023-02-02 21:48:05,96
2023-02-02 21:53:05,92
2023-02-02 21:58:06,91
2023-02-02 22:03:05,92
2023-02-02 22:08:06,91
2023-02-02 22:13:06,96
2023-02-02 22:18:05,107
2023-02-02 22:23:06,123
2023-02-02 22:28:05,139
2023-02-02 22:33:06,147
2023-02-02 22:38:06,157
2023-02-02 22:43:05,163
2023-02-02 22:48:05,163
2023-02-02 22:53:05,158
2023-02-02 22:58:06,153
2023-02-02 23:03:05,151
2023-02-02 23:08:06,151
2023-02-02 23:13:06,154
2023-02-02 23:18:06,154
2023-02-02 23:23:06,160
2023-02-02 23:28:05,166
2023-02-02 23:33:05,169
2023-02-02 23:38:06,173
2023-02-02 23:43:06,175
2023-02-02 23:48:06,179
2023-02-02 23:53:06,183
2023-02-02 23:58:06,191
2023-02-03 00:03:06,197
2023-02-03 00:08:05,199
2023-02-03 00:13:05,199
2023-02-03 00:18:06,203
2023-02-03 00:23:06,210
2023-02-03 00:28:06,210
2023-02-03 00:33:06,219
2023-02-03 00:38:05,229
2023-02-03 00:43:06,238
2023-02-03 00:48:05,256
2023-02-03 00:53:05,260
2023-02-03 00:58:05,265
2023-02-03 01:03:06,269
2023-02-03 01:08:05,261
2023-02-03 01:13:05,259
2023-02-03 01:18:06,260
2023-02-03 01:23:06,262
2023-02-03 01:28:06,264
2023-02-03 01:33:05,264
2023-02-03 01:38:06,264
2023-02-03 01:43:06,262
2023-02-03 01:48:06,261
2023-02-03 01:53:06,272
2023-02-03 01:58:05,271
2023-02-03 02:03:05,257
2023-02-03 02:08:05,253
2023-02-03 02:13:06,255
2023-02-03 02:18:06,260
2023-02-03 02:23:05,257
2023-02-03 02:28:06,251
2023-02-03 02:33:06,233
2023-02-03 02:38:06,232
2023-02-03 02:43:05,233
2023-02-03 02:48:06,235
2023-02-03 02:53:05,235
2023-02-03 02:58:06,234
2023-02-03 03:03:05,234
2023-02-03 03:08:06,234
2023-02-03 03:13:06,232
2023-02-03 03:18:06,233
2023-02-03 03:23:05,237
2023-02-03 03:28:06,254
2023-02-03 03:33:06,255
2023-02-03 03:38:06,256
2023-02-03 03:43:06,252
2023-02-03 03:48:06,246
2023-02-03 03:53:05,243
2023-02-03 03:58:05,250
2023-02-03 04:03:05,265
2023-02-03 04:08:05,267
2023-02-03 04:13:06,266
2023-02-03 04:18:05,264
2023-02-03 04:23:05,263
2023-02-03 04:28:06,265
2023-02-03 04:33:05,270
2023-02-03 04:38:05,272
2023-02-03 04:43:05,268
2023-02-03 04:48:06,263
2023-02-03 04:53:05,242
2023-02-03 04:58:05,238
2023-02-03 05:03:06,236
2023-02-03 05:08:05,232
2023-02-03 05:13:06,228
2023-02-03 05:18:05,232
2023-02-03 05:23:04,236
2023-02-03 05:28:05,239
2023-02-03 05:33:05,241
2023-02-03 05:38:05,241
2023-02-03 05:43:05,250
2023-02-03 05:48:04,248
2023-02-03 05:53:05,236
2023-02-03 05:58:05,235
2023-02-03 06:03:05,231
2023-02-03 06:08:05,234
2023-02-03 06:13:04,238
2023-02-03 06:18:05,241
2023-02-03 06:23:04,238
2023-02-03 06:28:04,234
2023-02-03 06:33:04,229
2023-02-03 06:38:04,231
2023-02-03 06:43:05,221
2023-02-03 06:48:05,224
2023-02-03 06:53:05,231
2023-02-03 06:58:05,234
2023-02-03 07:03:05,233
2023-02-03 07:08:05,229
2023-02-03 07:13:05,221
2023-02-03 07:18:05,217
2023-02-03 07:23:04,215
2023-02-03 07:28:05,215
2023-02-03 07:33:05,214
2023-02-03 07:38:05,211
2023-02-03 07:43:05,211
2023-02-03 07:48:04,208
2023-02-03 07:53:04,210
2023-02-03 07:58:05,215
2023-02-03 08:03:04,222
2023-02-03 08:08:05,233
2023-02-03 08:13:05,248
2023-02-03 08:18:05,260
2023-02-03 08:23:05,264
2023-02-03 08:28:04,261
2023-02-03 08:33:05,270
2023-02-03 08:38:05,279
2023-02-03 08:43:05,283
2023-02-03 08:48:05,285
2023-02-03 08:53:05,285
2023-02-03 08:58:05,283
2023-02-03 09:03:05,286
2023-02-03 09:08:05,284
2023-02-03 09:13:05,282
2023-02-03 09:18:05,276
2023-02-03 09:23:04,271
2023-02-03 09:28:05,264
2023-02-03 09:33:05,263
2023-02-03 09:38:04,258
2023-02-03 09:43:04,253
2023-02-03 09:48:05,245
2023-02-03 09:53:04,239
2023-02-03 09:58:05,232
2023-02-03 10:03:05,226
2023-02-03 10:08:05,220
2023-02-03 10:13:04,215
2023-02-03 10:18:05,209
2023-02-03 10:23:05,202
2023-02-03 10:28:05,193
2023-02-03 10:33:04,184
2023-02-03 10:38:05,180
2023-02-03 10:43:05,175
2023-02-03 10:48:05,169
2023-02-03 10:53:05,165
2023-02-03 10:58:05,161
2023-02-03 11:03:05,159
2023-02-03 11:08:05,157
2023-02-03 11:13:04,150
2023-02-03 11:18:05,145
2023-02-03 11:23:05,141
2023-02-03 11:28:05,136
2023-02-03 11:33:05,131
2023-02-03 11:38:05,123
2023-02-03 11:43:04,123
2023-02-03 11:48:05,125
2023-02-03 11:53:05,125
2023-02-03 11:58:05,126
2023-02-03 12:03:04,130
2023-02-03 12:08:05,134
2023-02-03 12:13:05,135
2023-02-03 12:18:04,131
2023-02-03 12:23:05,129
2023-02-03 12:28:05,125
2023-02-03 12:33:05,122
2023-02-03 12:38:05,118
2023-02-03 12:43:05,115
2023-02-03 12:48:05,114
2023-02-03 12:53:05,113
2023-02-03 12:58:05,114
2023-02-03 13:03:05,114
2023-02-03 13:08:05,109
2023-02-03 13:13:05,105
2023-02-03 13:18:05,104
2023-02-03 13:23:04,103
2023-02-03 13:28:05,107
2023-02-03 13:33:05,105
2023-02-03 13:38:05,106
2023-02-03 13:43:05,106
2023-02-03 13:48:04,108
2023-02-03 13:53:05,114
2023-02-03 13:58:05,121
2023-02-03 14:03:05,126
2023-02-03 14:08:05,129
2023-02-03 14:13:05,136
2023-02-03 14:18:05,140
2023-02-03 14:23:05,148
2023-02-03 14:28:05,156
2023-02-03 14:33:05,171
2023-02-03 14:38:05,173
2023-02-03 14:43:05,168
2023-02-03 14:48:05,159
2023-02-03 14:53:05,152
2023-02-03 14:58:05,141
2023-02-03 15:03:05,134
2023-02-03 15:08:05,136
2023-02-03 15:13:05,144
2023-02-03 15:18:05,151
2023-02-03 15:23:05,157
2023-02-03 15:28:05,166
2023-02-03 15:33:05,168
2023-02-03 15:38:04,167
2023-02-03 15:43:05,173
2023-02-03 15:48:05,166
2023-02-03 15:53:05,160
2023-02-03 15:58:05,159
2023-02-03 16:03:05,161
2023-02-03 16:08:05,162
2023-02-03 16:13:05,160
2023-02-03 16:18:05,160
2023-02-03 16:23:05,159
2023-02-03 16:28:05,158
2023-02-03 16:33:05,150
2023-02-03 16:38:05,147
2023-02-03 16:43:05,149
2023-02-03 16:48:05,157
2023-02-03 16:53:05,163
2023-02-03 16:58:05,168
2023-02-03 17:03:05,168
2023-02-03 17:08:05,171
2023-02-03 17:13:05,175
2023-02-03 17:18:05,181
2023-02-03 17:23:05,182
2023-02-03 17:28:05,186
2023-02-03 17:33:05,193
2023-02-03 17:38:05,185
2023-02-03 17:43:04,179
2023-02-03 17:48:05,183
2023-02-03 17:53:05,185
2023-02-03 17:58:05,186
2023-02-03 18:03:05,188
2023-02-03 18:08:04,186
2023-02-03 18:13:05,181
2023-02-03 18:18:05,171
2023-02-03 18:23:05,159
2023-02-03 18:28:05,145
2023-02-03 18:33:05,129
2023-02-03 18:38:05,115
2023-02-03 18:43:05,100
2023-02-03 18:48:05,87
2023-02-03 18:49:43,63
2023-02-03 18:53:05,78
2023-02-03 18:53:15,58
2023-02-03 18:58:05,60
2023-02-03 19:03:05,62
2023-02-03 19:08:05,64
2023-02-03 19:13:05,67
2023-02-03 19:18:05,72
2023-02-03 19:23:05,75
2023-02-03 19:28:05,80
2023-02-03 19:33:05,81
2023-02-03 19:38:05,82
2023-02-03 19:43:05,83
2023-02-03 19:48:05,85
2023-02-03 19:53:05,88
2023-02-03 19:58:05,91
2023-02-03 20:03:05,94
2023-02-03 20:08:05,99
2023-02-03 20:13:05,105
2023-02-03 20:18:05,112
2023-02-03 20:23:05,119
2023-02-03 20:28:05,128
2023-02-03 20:33:05,136
2023-02-03 20:38:05,145
2023-02-03 20:43:05,153
2023-02-03 20:48:05,161
2023-02-03 20:53:05,166
2023-02-03 20:58:05,171
2023-02-03 21:03:05,176
2023-02-03 21:08:05,181
2023-02-03 21:13:05,187
2023-02-03 21:18:05,196
2023-02-03 21:23:05,202
2023-02-03 21:28:06,204
2023-02-03 21:33:05,207
2023-02-03 21:38:06,210
2023-02-03 21:43:05,209
2023-02-03 21:48:05,206
2023-02-03 21:53:05,201
2023-02-03 21:58:05,195
2023-02-03 22:03:05,189
2023-02-03 22:08:05,184
2023-02-03 22:13:05,181
2023-02-03 22:18:05,175
2023-02-03 22:23:05,166
2023-02-03 22:28:05,155
2023-02-03 22:33:05,144
2023-02-03 22:38:05,134
2023-02-03 22:43:05,123
2023-02-03 22:48:05,118
2023-02-03 22:53:05,108
2023-02-03 22:58:05,100
2023-02-03 23:03:05,94
2023-02-03 23:08:05,86
2023-02-03 23:13:06,84
2023-02-03 23:18:05,85
2023-02-03 23:23:05,85
2023-02-03 23:28:05,80
2023-02-03 23:33:05,79
2023-02-03 23:38:06,79
2023-02-03 23:43:05,78
2023-02-03 23:48:05,78
2023-02-03 23:53:05,79
2023-02-03 23:58:05,77
2023-02-04 00:03:05,74
2023-02-04 00:08:05,72
2023-02-04 00:13:05,73
2023-02-04 00:18:05,76
2023-02-04 00:23:05,81
2023-02-04 00:28:05,89
2023-02-04 00:33:05,94
2023-02-04 00:38:05,101
2023-02-04 00:43:05,109
2023-02-04 00:48:04,118
2023-02-04 00:53:05,126
2023-02-04 00:58:04,134
2023-02-04 01:03:04,141
2023-02-04 01:08:05,152
2023-02-04 01:13:05,160
2023-02-04 01:18:05,161
2023-02-04 01:23:05,164
2023-02-04 01:28:05,167
2023-02-04 01:33:05,170
2023-02-04 01:38:05,173
2023-02-04 01:43:05,174
2023-02-04 01:48:05,174
2023-02-04 01:53:05,171
2023-02-04 01:58:05,173
2023-02-04 02:03:04,177
2023-02-04 02:08:05,182
2023-02-04 02:13:05,186
2023-02-04 02:18:05,189
2023-02-04 02:23:05,195
2023-02-04 02:28:05,197
2023-02-04 02:33:05,203
2023-02-04 02:38:05,202
2023-02-04 02:43:05,204
2023-02-04 02:48:05,205
2023-02-04 02:53:05,205
2023-02-04 02:58:05,205
2023-02-04 03:03:05,205
2023-02-04 03:08:04,206
2023-02-04 03:13:05,209
2023-02-04 03:18:05,210
2023-02-04 03:23:05,210
2023-02-04 03:28:05,211
2023-02-04 03:33:05,212
2023-02-04 03:38:05,213
2023-02-04 03:43:04,215
2023-02-04 03:48:05,217
2023-02-04 03:53:05,219
2023-02-04 03:58:05,220
2023-02-04 04:03:05,218
2023-02-04 04:08:05,218
2023-02-04 04:13:05,220
2023-02-04 04:18:05,219
2023-02-04 04:23:05,218
2023-02-04 04:28:05,210
2023-02-04 04:33:05,213
2023-02-04 04:38:05,229
2023-02-04 04:43:05,230
2023-02-04 04:48:05,226
2023-02-04 04:53:05,221
2023-02-04 04:58:04,222
2023-02-04 05:03:05,225
2023-02-04 05:08:05,228
2023-02-04 05:13:05,230
2023-02-04 05:18:05,232
2023-02-04 05:23:05,234
2023-02-04 05:28:05,236
2023-02-04 05:33:05,234
2023-02-04 05:38:05,231
2023-02-04 05:43:05,209
2023-02-04 05:48:05,203
2023-02-04 05:53:05,202
2023-02-04 05:58:06,200
2023-02-04 06:03:05,192
2023-02-04 06:08:05,191
2023-02-04 06:13:05,192
2023-02-04 06:18:05,190
2023-02-04 06:23:06,196
2023-02-04 06:28:05,214
2023-02-04 06:33:05,218
2023-02-04 06:38:05,216
2023-02-04 06:43:05,212
2023-02-04 06:48:05,211
2023-02-04 06:53:05,213
2023-02-04 06:58:05,213
2023-02-04 07:03:05,211
2023-02-04 07:08:05,209
2023-02-04 07:13:05,208
2023-02-04 07:18:05,210
2023-02-04 07:23:05,208
2023-02-04 07:28:05,206
2023-02-04 07:33:06,204
2023-02-04 07:38:06,199
2023-02-04 07:43:05,209
2023-02-04 07:48:05,203
2023-02-04 07:53:05,191
2023-02-04 07:58:05,192
2023-02-04 08:03:05,195
2023-02-04 08:08:05,191
2023-02-04 08:13:05,190
2023-02-04 08:18:05,187
2023-02-04 08:23:05,185
2023-02-04 08:28:05,184
2023-02-04 08:33:05,179
2023-02-04 08:38:05,175
2023-02-04 08:43:05,173
2023-02-04 08:48:05,172
2023-02-04 08:53:05,169
2023-02-04 08:58:05,165
2023-02-04 09:03:05,165
2023-02-04 09:08:05,164
2023-02-04 09:13:05,163
2023-02-04 09:18:05,161
2023-02-04 09:23:05,156
2023-02-04 09:28:05,154
2023-02-04 09:33:05,154
2023-02-04 09:38:06,154
2023-02-04 09:43:06,153
2023-02-04 09:48:06,148
2023-02-04 09:53:06,140
2023-02-04 09:58:06,131
2023-02-04 10:03:06,122
2023-02-04 10:08:06,114
2023-02-04 10:13:06,105
2023-02-04 10:18:07,100
2023-02-04 10:23:06,100
2023-02-04 10:28:06,99
2023-02-04 10:33:06,97
2023-02-04 10:38:06,93
2023-02-04 10:43:06,92
2023-02-04 10:48:06,89
2023-02-04 10:53:06,92
2023-02-04 10:58:06,96
2023-02-04 11:03:06,99
2023-02-04 11:08:06,105
2023-02-04 11:13:06,110
2023-02-04 11:18:06,113
2023-02-04 11:23:06,116
2023-02-04 11:28:06,117
2023-02-04 11:33:06,115
2023-02-04 11:38:07,111
2023-02-04 11:43:06,108
2023-02-04 11:48:06,108
2023-02-04 11:53:06,109
2023-02-04 11:58:07,109
2023-02-04 12:03:06,110
2023-02-04 12:08:06,112
2023-02-04 12:13:06,105
2023-02-04 12:18:06,99
2023-02-04 12:23:06,95
2023-02-04 12:28:06,95
2023-02-04 12:33:06,90
2023-02-04 12:38:06,76
2023-02-04 12:43:06,70
2023-02-04 12:48:06,67
2023-02-04 12:53:06,66
2023-02-04 12:58:06,66
2023-02-04 13:03:06,68
2023-02-04 13:08:06,72
2023-02-04 13:13:06,76
2023-02-04 13:18:06,81
2023-02-04 13:23:05,89
2023-02-04 13:28:05,94
2023-02-04 13:33:05,103
2023-02-04 13:38:05,114
2023-02-04 13:43:05,123
2023-02-04 13:48:06,131
2023-02-04 13:53:05,136
2023-02-04 13:58:05,141
2023-02-04 14:03:05,144
2023-02-04 14:08:05,145
2023-02-04 14:13:05,145
2023-02-04 14:18:05,144
2023-02-04 14:23:06,143
2023-02-04 14:28:06,145
2023-02-04 14:33:05,148
2023-02-04 14:38:05,152
2023-02-04 14:43:05,156
2023-02-04 14:48:05,161
2023-02-04 14:53:06,169
2023-02-04 14:58:05,175
2023-02-04 15:03:05,175
2023-02-04 15:08:06,171
2023-02-04 15:13:05,163
2023-02-04 15:18:05,151
2023-02-04 15:23:05,140
2023-02-04 15:28:06,134
2023-02-04 15:33:05,126
2023-02-04 15:38:05,119
2023-02-04 15:43:05,116
2023-02-04 15:48:05,112
2023-02-04 15:53:05,111
2023-02-04 15:58:05,109
2023-02-04 16:03:06,106
2023-02-04 16:08:05,104
2023-02-04 16:13:06,98
2023-02-04 16:18:06,94
2023-02-04 16:23:05,90
2023-02-04 16:28:05,90
2023-02-04 16:33:05,94
2023-02-04 16:38:05,98
2023-02-04 16:43:05,103
2023-02-04 16:48:06,107
2023-02-04 16:53:06,107
2023-02-04 16:58:06,106
2023-02-04 17:03:06,104
2023-02-04 17:08:06,101
2023-02-04 17:13:05,98
2023-02-04 17:18:06,96
2023-02-04 17:23:05,94
2023-02-04 17:28:05,94
2023-02-04 17:33:05,96
2023-02-04 17:38:06,105
2023-02-04 17:43:05,115
2023-02-04 17:48:05,131
2023-02-04 17:53:05,152
2023-02-04 17:58:05,164
2023-02-04 18:03:05,179
2023-02-04 18:08:06,186
2023-02-04 18:13:05,185
2023-02-04 18:18:05,177
2023-02-04 18:23:05,172
2023-02-04 18:28:06,164
2023-02-04 18:33:05,154
2023-02-04 18:38:06,156
2023-02-04 18:43:06,153
2023-02-04 18:48:06,153
2023-02-04 18:53:05,154
2023-02-04 18:58:06,154
2023-02-04 19:03:05,155
2023-02-04 19:08:05,155
2023-02-04 19:13:06,160
2023-02-04 19:18:06,161
2023-02-04 19:23:05,163
2023-02-04 19:28:05,165
2023-02-04 19:33:05,154
2023-02-04 19:38:05,179
2023-02-04 19:43:05,170
2023-02-04 19:48:05,164
2023-02-04 19:53:05,164
2023-02-04 19:58:06,157
2023-02-04 20:03:06,158
2023-02-04 20:08:05,162
2023-02-04 20:13:05,166
2023-02-04 20:18:06,168
2023-02-04 20:23:06,168
2023-02-04 20:28:05,168
2023-02-04 20:33:05,167
2023-02-04 20:38:05,171
2023-02-04 20:43:06,170
2023-02-04 20:48:05,167
2023-02-04 20:53:05,162
2023-02-04 20:58:06,162
2023-02-04 21:03:06,164
2023-02-04 21:08:05,159
2023-02-04 21:13:06,146
2023-02-04 21:18:05,137
2023-02-04 21:23:05,129
2023-02-04 21:28:05,126
2023-02-04 21:33:06,132
2023-02-04 21:38:05,133
2023-02-04 21:43:05,134
2023-02-04 21:48:05,132
2023-02-04 21:53:05,130
2023-02-04 21:58:06,134
2023-02-04 22:03:05,135
2023-02-04 22:08:06,130
2023-02-04 22:13:05,125
2023-02-04 22:18:05,121
2023-02-04 22:23:05,119
2023-02-04 22:28:06,118
2023-02-04 22:33:05,120
2023-02-04 22:38:06,115
2023-02-04 22:43:06,115
2023-02-04 22:48:06,113
2023-02-04 22:53:06,112
2023-02-04 22:58:05,112
2023-02-04 23:03:05,121
2023-02-04 23:08:05,129
2023-02-04 23:13:06,136
2023-02-04 23:18:05,142
2023-02-04 23:23:06,140
2023-02-04 23:28:05,140
2023-02-04 23:33:05,146
2023-02-04 23:38:06,157
2023-02-04 23:43:06,170
2023-02-04 23:48:05,175
2023-02-04 23:53:05,179
2023-02-04 23:58:05,181
2023-02-05 00:03:05,183
2023-02-05 00:08:05,186
2023-02-05 00:13:05,187
2023-02-05 00:18:05,188
2023-02-05 00:23:06,189
2023-02-05 00:28:05,190
2023-02-05 00:33:06,191
2023-02-05 00:38:05,193
2023-02-05 00:43:05,194
2023-02-05 00:48:06,195
2023-02-05 00:53:06,197
2023-02-05 00:58:05,200
2023-02-05 01:03:05,205
2023-02-05 01:08:05,211
2023-02-05 01:13:05,213
2023-02-05 01:18:05,217
2023-02-05 01:23:05,221
2023-02-05 01:28:05,227
2023-02-05 01:33:06,228
2023-02-05 01:38:05,227
2023-02-05 01:43:05,229
2023-02-05 01:48:05,231
2023-02-05 01:53:06,231
2023-02-05 01:58:06,230
2023-02-05 02:03:06,233
2023-02-05 02:08:05,236
2023-02-05 02:13:06,239
2023-02-05 02:18:05,243
2023-02-05 02:23:05,247
2023-02-05 02:28:05,250
2023-02-05 02:33:05,246
2023-02-05 02:38:05,247
2023-02-05 02:43:05,254
2023-02-05 02:48:05,263
2023-02-05 02:53:05,272
2023-02-05 02:58:06,280
2023-02-05 03:03:05,283
2023-02-05 03:08:05,281
2023-02-05 03:13:06,280
2023-02-05 03:18:05,280
2023-02-05 03:23:05,283
2023-02-05 03:28:05,285
2023-02-05 03:33:05,285
2023-02-05 03:38:05,285
2023-02-05 03:43:05,285
2023-02-05 03:48:06,286
2023-02-05 03:53:05,287
2023-02-05 03:58:06,287
2023-02-05 04:03:05,287
2023-02-05 04:08:06,288
2023-02-05 04:13:05,287
2023-02-05 04:18:05,280
2023-02-05 04:23:05,279
2023-02-05 04:28:05,278
2023-02-05 04:33:06,279
2023-02-05 04:38:05,280
2023-02-05 04:43:05,277
2023-02-05 04:48:05,277
2023-02-05 04:53:05,275
2023-02-05 04:58:06,277
2023-02-05 05:03:06,276
2023-02-05 05:08:05,273
2023-02-05 05:13:06,269
2023-02-05 05:18:05,264
2023-02-05 05:23:06,260
2023-02-05 05:28:05,250
2023-02-05 05:33:05,239
2023-02-05 05:38:05,246
2023-02-05 05:43:05,250
2023-02-05 05:48:06,244
2023-02-05 05:53:06,242
2023-02-05 05:58:05,241
2023-02-05 06:03:05,244
2023-02-05 06:08:05,245
2023-02-05 06:13:06,240
2023-02-05 06:18:06,236
2023-02-05 06:23:05,233
2023-02-05 06:28:05,228
2023-02-05 06:33:05,221
2023-02-05 06:38:05,214
2023-02-05 06:43:05,208
2023-02-05 06:48:05,204
2023-02-05 06:53:06,204
2023-02-05 06:58:06,200
2023-02-05 07:03:05,194
2023-02-05 07:08:06,188
2023-02-05 07:13:05,183
2023-02-05 07:18:06,179
2023-02-05 07:23:05,175
2023-02-05 07:28:05,170
2023-02-05 07:33:05,163
2023-02-05 07:38:05,157
2023-02-05 07:43:05,151
2023-02-05 07:48:05,145
2023-02-05 07:53:05,139
2023-02-05 07:58:06,134
2023-02-05 08:03:06,127
2023-02-05 08:08:06,121
2023-02-05 08:13:05,118
2023-02-05 08:18:06,114
2023-02-05 08:23:05,108
2023-02-05 08:28:06,100
2023-02-05 08:33:05,94
2023-02-05 08:38:05,87
2023-02-05 08:43:06,83
2023-02-05 08:48:06,82
2023-02-05 08:53:05,80
2023-02-05 08:58:07,76
2023-02-05 09:03:06,71
2023-02-05 09:08:06,67
2023-02-05 09:13:06,62
2023-02-05 09:18:06,58
2023-02-05 09:23:06,56
2023-02-05 09:28:06,61
2023-02-05 09:33:06,81
2023-02-05 09:38:06,107
2023-02-05 09:43:06,126
2023-02-05 09:48:06,141
2023-02-05 09:53:07,146
2023-02-05 09:58:07,154
2023-02-05 10:03:07,155
2023-02-05 10:08:06,155
2023-02-05 10:13:06,162
2023-02-05 10:18:07,163
2023-02-05 10:23:07,158
2023-02-05 10:28:07,154
2023-02-05 10:33:06,150
2023-02-05 10:38:07,140
2023-02-05 10:43:06,127
2023-02-05 10:48:06,121
2023-02-05 10:53:06,121
2023-02-05 10:58:07,124
2023-02-05 11:03:07,122
2023-02-05 11:08:06,119
2023-02-05 11:13:06,117
2023-02-05 11:18:07,117
2023-02-05 11:23:07,117
2023-02-05 11:28:07,121
2023-02-05 11:33:06,123
2023-02-05 11:38:06,122
2023-02-05 11:43:07,122
2023-02-05 11:48:06,121
2023-02-05 11:53:06,124
2023-02-05 11:58:06,128
2023-02-05 12:03:06,130
2023-02-05 12:08:06,132
2023-02-05 12:13:06,133
2023-02-05 12:18:06,135
2023-02-05 12:23:07,131
2023-02-05 12:28:07,127
2023-02-05 12:33:07,124
2023-02-05 12:38:07,123
2023-02-05 12:43:07,124
2023-02-05 12:48:07,125
2023-02-05 12:53:07,124
2023-02-05 12:58:07,122
2023-02-05 13:03:07,120
2023-02-05 13:08:07,118
2023-02-05 13:13:06,117
2023-02-05 13:18:06,115
2023-02-05 13:23:06,114
2023-02-05 13:28:06,111
2023-02-05 13:33:06,109
2023-02-05 13:38:06,105
2023-02-05 13:43:07,103
2023-02-05 13:48:06,101
2023-02-05 13:53:06,98
2023-02-05 13:58:06,98
2023-02-05 14:03:06,96
2023-02-05 14:08:05,94
2023-02-05 14:13:06,91
2023-02-05 14:18:06,89
2023-02-05 14:23:05,88
2023-02-05 14:28:06,89
2023-02-05 14:33:05,87
2023-02-05 14:38:06,84
2023-02-05 14:43:05,81
2023-02-05 14:48:05,82
2023-02-05 14:53:05,86
2023-02-05 14:58:05,92
2023-02-05 15:03:06,96
2023-02-05 15:08:05,100
2023-02-05 15:13:05,106
2023-02-05 15:18:06,113
2023-02-05 15:23:06,119
2023-02-05 15:28:06,122
2023-02-05 15:33:06,118
2023-02-05 15:38:06,112
2023-02-05 15:43:06,110
2023-02-05 15:48:06,114
2023-02-05 15:53:05,115
2023-02-05 15:58:05,121
2023-02-05 16:03:06,132
2023-02-05 16:08:05,143
2023-02-05 16:13:05,148
2023-02-05 16:18:05,151
2023-02-05 16:23:06,150
2023-02-05 16:28:06,152
2023-02-05 16:33:05,146
2023-02-05 16:38:06,136
2023-02-05 16:43:06,133
2023-02-05 16:48:05,136
2023-02-05 16:53:06,141
2023-02-05 16:58:06,146
2023-02-05 17:03:05,146
2023-02-05 17:08:05,148
2023-02-05 17:13:06,155
2023-02-05 17:18:06,155
2023-02-05 17:23:05,151
2023-02-05 17:28:05,151
2023-02-05 17:33:06,158
2023-02-05 17:38:06,166
2023-02-05 17:43:06,173
2023-02-05 17:48:06,178
2023-02-05 17:53:05,185
2023-02-05 17:58:06,187
2023-02-05 18:03:06,185
2023-02-05 18:08:06,183
2023-02-05 18:13:06,188
2023-02-05 18:18:05,195
2023-02-05 18:23:06,193
2023-02-05 18:28:05,197
2023-02-05 18:33:05,201
2023-02-05 18:38:06,202
2023-02-05 18:43:06,201
2023-02-05 18:48:06,197
2023-02-05 18:53:06,195
2023-02-05 18:58:06,197
2023-02-05 19:03:06,195
2023-02-05 19:08:06,194
2023-02-05 19:13:06,193
2023-02-05 19:18:06,183
2023-02-05 19:23:05,183
2023-02-05 19:28:05,186
2023-02-05 19:33:05,188
2023-02-05 19:38:06,186
2023-02-05 19:43:05,182
2023-02-05 19:48:06,184
2023-02-05 19:53:05,187
2023-02-05 19:58:05,188
2023-02-05 20:03:06,189
2023-02-05 20:08:05,191
2023-02-05 20:13:05,194
2023-02-05 20:18:05,192
2023-02-05 20:23:06,193
2023-02-05 20:28:06,192
2023-02-05 20:33:05,189
2023-02-05 20:38:05,184
2023-02-05 20:43:06,175
2023-02-05 20:48:05,163
2023-02-05 20:53:06,156
2023-02-05 20:58:06,149
2023-02-05 21:03:06,134
2023-02-05 21:08:05,134
2023-02-05 21:13:06,120
2023-02-05 21:18:05,118
2023-02-05 21:23:06,121
2023-02-05 21:28:06,116
2023-02-05 21:33:05,111
2023-02-05 21:38:06,101
2023-02-05 21:43:05,90
2023-02-05 21:48:05,86
2023-02-05 21:53:05,82
2023-02-05 21:58:05,79
2023-02-05 22:03:06,75
2023-02-05 22:08:06,72
2023-02-05 22:13:06,69
2023-02-05 22:18:06,65
2023-02-05 22:23:06,64
2023-02-05 22:28:06,61
2023-02-05 22:33:05,59
2023-02-05 22:38:05,56
2023-02-05 22:43:06,54
2023-02-05 22:48:06,55
2023-02-05 22:53:06,63
2023-02-05 22:58:06,71
2023-02-05 23:03:06,81
2023-02-05 23:08:06,96
2023-02-05 23:13:06,122
2023-02-05 23:18:06,145
2023-02-05 23:23:06,146
2023-02-05 23:28:05,156
2023-02-05 23:33:05,170
2023-02-05 23:38:05,188
2023-02-05 23:43:06,200
2023-02-05 23:48:06,212
2023-02-05 23:53:06,204
2023-02-05 23:58:06,198
2023-02-06 00:03:06,186
2023-02-06 00:08:05,177
2023-02-06 00:13:06,171
2023-02-06 00:18:06,167
2023-02-06 00:23:05,166
2023-02-06 00:28:06,167
2023-02-06 00:33:06,168
2023-02-06 00:38:06,167
2023-02-06 00:43:06,166
2023-02-06 00:48:06,165
2023-02-06 00:53:06,168
2023-02-06 00:58:06,172
2023-02-06 01:03:06,176
2023-02-06 01:08:06,181
2023-02-06 01:13:06,183
2023-02-06 01:18:06,193
2023-02-06 01:23:06,204
2023-02-06 01:28:06,215
2023-02-06 01:33:06,225
2023-02-06 01:38:06,229
2023-02-06 01:43:06,233
2023-02-06 01:48:06,238
2023-02-06 01:53:06,243
2023-02-06 01:58:06,252
2023-02-06 02:03:06,261
2023-02-06 02:08:06,269
2023-02-06 02:13:06,275
2023-02-06 02:18:06,279
2023-02-06 02:23:06,275
2023-02-06 02:28:06,266
2023-02-06 02:33:06,261
2023-02-06 02:38:05,258
2023-02-06 02:43:05,252
2023-02-06 02:48:06,247
2023-02-06 02:53:06,243
2023-02-06 02:58:06,242
2023-02-06 03:03:06,241
2023-02-06 03:08:05,241
2023-02-06 03:13:06,242
2023-02-06 03:18:06,244
2023-02-06 03:23:06,252
2023-02-06 03:28:06,250
2023-02-06 03:33:06,250
2023-02-06 03:38:07,249
2023-02-06 03:43:07,249
2023-02-06 03:48:07,249
2023-02-06 03:53:07,250
2023-02-06 03:58:07,250
2023-02-06 04:03:07,249
2023-02-06 04:08:07,247
2023-02-06 04:13:07,246
2023-02-06 04:18:07,245
2023-02-06 04:23:07,247
2023-02-06 04:28:07,247
2023-02-06 04:33:07,247
2023-02-06 04:38:07,245
2023-02-06 04:43:07,241
2023-02-06 04:48:07,239
2023-02-06 04:53:07,239
2023-02-06 04:58:07,238
2023-02-06 05:03:06,242
2023-02-06 05:08:07,244
2023-02-06 05:13:07,243
2023-02-06 05:18:07,239
2023-02-06 05:23:07,234
2023-02-06 05:28:07,230
2023-02-06 05:33:07,227
2023-02-06 05:38:07,224
2023-02-06 05:43:07,224
2023-02-06 05:48:07,223
2023-02-06 05:53:07,217
2023-02-06 05:58:07,215
2023-02-06 06:03:07,215
2023-02-06 06:08:07,214
2023-02-06 06:13:07,210
2023-02-06 06:18:07,209
2023-02-06 06:23:07,204
2023-02-06 06:28:07,200
2023-02-06 06:33:07,204
2023-02-06 06:38:07,200
2023-02-06 06:43:07,197
2023-02-06 06:48:07,194
2023-02-06 06:53:07,191
2023-02-06 06:58:07,189
2023-02-06 07:03:07,186
2023-02-06 07:08:07,181
2023-02-06 07:13:07,178
2023-02-06 07:18:07,172
2023-02-06 07:23:07,170
2023-02-06 07:28:07,165
2023-02-06 07:33:07,160
2023-02-06 07:38:07,155
2023-02-06 07:43:07,152
2023-02-06 07:48:07,151
2023-02-06 07:53:07,149
2023-02-06 07:58:06,148
2023-02-06 08:03:06,146
2023-02-06 08:08:06,143
2023-02-06 08:13:06,141
2023-02-06 08:18:06,143
2023-02-06 08:23:06,146
2023-02-06 08:28:06,145
2023-02-06 08:33:06,146
2023-02-06 08:38:06,146
2023-02-06 08:43:06,148
2023-02-06 08:48:06,148
2023-02-06 08:53:06,148
2023-02-06 08:58:06,143
2023-02-06 09:03:06,139
2023-02-06 09:08:06,136
2023-02-06 09:13:06,135
2023-02-06 09:18:06,133
2023-02-06 09:23:06,132
2023-02-06 09:28:06,131
2023-02-06 09:33:06,131
2023-02-06 09:38:06,133
2023-02-06 09:43:06,133
2023-02-06 09:48:07,133
2023-02-06 09:53:06,131
2023-02-06 09:58:06,130
2023-02-06 10:03:06,130
2023-02-06 10:08:06,127
2023-02-06 10:13:06,127
2023-02-06 10:18:06,123
2023-02-06 10:23:06,122
2023-02-06 10:28:07,120
2023-02-06 10:33:06,120
2023-02-06 10:38:06,120
2023-02-06 10:43:06,119
2023-02-06 10:48:07,119
2023-02-06 10:53:06,118
2023-02-06 10:58:06,118
2023-02-06 11:03:06,118
2023-02-06 11:08:06,118
2023-02-06 11:13:06,118
2023-02-06 11:18:06,117
2023-02-06 11:23:06,117
2023-02-06 11:28:06,117
2023-02-06 11:33:06,116
2023-02-06 11:38:06,114
2023-02-06 11:43:06,116
2023-02-06 11:48:06,118
2023-02-06 11:53:06,117
2023-02-06 11:58:06,116
2023-02-06 12:03:06,114
2023-02-06 12:08:06,118
2023-02-06 12:13:06,117
2023-02-06 12:18:06,117
2023-02-06 12:23:06,113
2023-02-06 12:28:06,112
2023-02-06 12:33:06,110
2023-02-06 12:38:06,108
2023-02-06 12:43:06,105
2023-02-06 12:48:06,104
2023-02-06 12:53:06,104
2023-02-06 12:58:06,104
2023-02-06 13:03:06,105
2023-02-06 13:08:06,105
2023-02-06 13:13:06,107
2023-02-06 13:18:06,110
2023-02-06 13:23:06,109
2023-02-06 13:28:06,110
2023-02-06 13:33:06,110
2023-02-06 13:38:07,114
2023-02-06 13:43:06,123
2023-02-06 13:48:06,136
2023-02-06 13:53:06,151
2023-02-06 13:58:06,166
2023-02-06 14:03:06,179
2023-02-06 14:08:06,190
2023-02-06 14:13:07,200
2023-02-06 14:18:06,212
2023-02-06 14:23:06,230
2023-02-06 14:28:06,242
2023-02-06 14:33:06,247
2023-02-06 14:38:06,248
2023-02-06 14:43:06,247
2023-02-06 14:48:06,247
2023-02-06 14:53:06,245
2023-02-06 14:58:06,247
2023-02-06 15:03:06,250
2023-02-06 15:08:06,252
2023-02-06 15:13:06,247
2023-02-06 15:18:06,244
2023-02-06 15:23:06,243
2023-02-06 15:28:06,241
2023-02-06 15:33:06,238
2023-02-06 15:38:06,234
2023-02-06 15:43:06,235
2023-02-06 15:48:07,240
2023-02-06 15:53:06,247
2023-02-06 15:58:06,249
2023-02-06 16:03:06,247
2023-02-06 16:08:06,246
2023-02-06 16:13:06,243
2023-02-06 16:18:06,249
2023-02-06 16:23:06,237
2023-02-06 16:28:07,246
2023-02-06 16:33:06,234
2023-02-06 16:38:07,222
2023-02-06 16:43:06,230
2023-02-06 16:48:07,226
2023-02-06 16:53:06,226
2023-02-06 16:58:06,223
2023-02-06 17:03:06,220
2023-02-06 17:08:06,219
2023-02-06 17:13:06,217
2023-02-06 17:18:06,220
2023-02-06 17:23:06,216
2023-02-06 17:28:07,215
2023-02-06 17:33:06,206
2023-02-06 17:38:06,203
2023-02-06 17:43:06,198
2023-02-06 17:48:06,192
2023-02-06 17:53:07,194
2023-02-06 17:58:06,190
2023-02-06 18:03:06,184
2023-02-06 18:08:06,185
2023-02-06 18:13:07,181
2023-02-06 18:18:06,178
2023-02-06 18:23:06,168
2023-02-06 18:28:06,177
2023-02-06 18:33:06,168
2023-02-06 18:38:06,156
2023-02-06 18:43:06,153
2023-02-06 18:48:06,150
2023-02-06 18:53:06,146
2023-02-06 18:58:06,130
2023-02-06 19:03:06,126
2023-02-06 19:08:06,114
2023-02-06 19:13:06,107
2023-02-06 19:18:06,99
2023-02-06 19:23:06,99
2023-02-06 19:28:06,96
2023-02-06 19:33:06,95
2023-02-06 19:38:06,93
2023-02-06 19:43:07,92
2023-02-06 19:48:06,95
2023-02-06 19:53:06,95
2023-02-06 19:58:06,83
2023-02-06 20:03:06,90
2023-02-06 20:08:06,99
2023-02-06 20:13:06,95
2023-02-06 20:18:07,93
2023-02-06 20:23:06,91
2023-02-06 20:28:07,86
2023-02-06 20:33:07,87
2023-02-06 20:38:06,80
2023-02-06 20:43:06,78
2023-02-06 20:48:06,78
2023-02-06 20:53:06,80
2023-02-06 20:58:06,75
2023-02-06 21:03:06,78
2023-02-06 21:08:06,76
2023-02-06 21:13:07,69
2023-02-06 21:18:06,67
2023-02-06 21:23:06,66
2023-02-06 21:28:07,69
2023-02-06 21:33:06,78
2023-02-06 21:38:06,87
2023-02-06 21:43:06,95
2023-02-06 21:48:07,110
2023-02-06 21:53:06,118
2023-02-06 21:58:06,126
2023-02-06 22:03:06,133
2023-02-06 22:08:06,141
2023-02-06 22:13:06,149
2023-02-06 22:18:06,152
2023-02-06 22:23:06,149
2023-02-06 22:28:06,141
2023-02-06 22:33:06,132
2023-02-06 22:38:06,123
2023-02-06 22:43:06,119
2023-02-06 22:48:06,114
2023-02-06 22:53:06,109
2023-02-06 22:58:06,108
2023-02-06 23:03:07,102
2023-02-06 23:08:06,91
2023-02-06 23:13:06,83
2023-02-06 23:18:06,74
2023-02-06 23:23:06,76
2023-02-06 23:28:07,80
2023-02-06 23:33:06,80
2023-02-06 23:38:06,77
2023-02-06 23:43:06,76
2023-02-06 23:48:06,68
2023-02-06 23:53:06,62
2023-02-06 23:58:06,57
2023-02-07 00:03:06,52
2023-02-07 00:08:06,50
2023-02-07 00:13:06,46
2023-02-07 00:18:07,46
2023-02-07 00:23:08,47
2023-02-07 00:28:07,57
2023-02-07 00:33:07,78
2023-02-07 00:38:07,101
2023-02-07 00:43:07,123
2023-02-07 00:48:07,139
2023-02-07 00:53:07,146
2023-02-07 00:58:08,142
2023-02-07 01:03:07,132
2023-02-07 01:08:07,120
2023-02-07 01:13:07,115
2023-02-07 01:18:07,116
2023-02-07 01:23:07,123
2023-02-07 01:28:07,131
2023-02-07 01:33:08,138
2023-02-07 01:38:08,144
2023-02-07 01:43:07,150
2023-02-07 01:48:07,158
2023-02-07 01:53:07,163
2023-02-07 01:58:08,167
2023-02-07 02:03:07,166
2023-02-07 02:08:07,165
2023-02-07 02:13:07,165
2023-02-07 02:18:07,167
2023-02-07 02:23:07,168
2023-02-07 02:28:07,168
2023-02-07 02:33:07,164
2023-02-07 02:38:07,159
2023-02-07 02:43:07,156
2023-02-07 02:48:07,157
2023-02-07 02:53:07,163
2023-02-07 02:58:08,162
2023-02-07 03:03:07,161
2023-02-07 03:08:07,161
2023-02-07 03:13:07,163
2023-02-07 03:18:08,158
2023-02-07 03:23:07,157
2023-02-07 03:28:07,162
2023-02-07 03:33:07,162
2023-02-07 03:38:07,161
2023-02-07 03:43:07,158
2023-02-07 03:48:07,156
2023-02-07 03:53:07,152
2023-02-07 03:58:07,151
2023-02-07 04:03:07,150
2023-02-07 04:08:08,149
2023-02-07 04:13:08,148
2023-02-07 04:18:07,146
2023-02-07 04:23:07,145
2023-02-07 04:28:07,144
2023-02-07 04:33:07,143
2023-02-07 04:38:07,142
2023-02-07 04:43:07,146
2023-02-07 04:48:08,145
2023-02-07 04:53:07,146
2023-02-07 04:58:07,145
2023-02-07 05:03:07,144
2023-02-07 05:08:07,142
2023-02-07 05:13:07,137
2023-02-07 05:18:07,135
2023-02-07 05:23:07,135
2023-02-07 05:28:07,138
2023-02-07 05:33:07,143
2023-02-07 05:38:07,147
2023-02-07 05:43:08,150
2023-02-07 05:48:07,139
2023-02-07 05:53:07,132
2023-02-07 05:58:07,130
2023-02-07 06:03:07,132
2023-02-07 06:08:07,134
2023-02-07 06:13:07,130
2023-02-07 06:18:07,130
2023-02-07 06:23:07,133
2023-02-07 06:28:07,134
2023-02-07 06:33:07,132
2023-02-07 06:38:07,132
2023-02-07 06:43:07,138
2023-02-07 06:48:07,143
2023-02-07 06:53:07,146
2023-02-07 06:58:07,150
2023-02-07 07:03:07,156
2023-02-07 07:08:07,164
2023-02-07 07:13:07,173
2023-02-07 07:18:07,178
2023-02-07 07:23:07,179
2023-02-07 07:28:07,176
2023-02-07 07:33:08,177
2023-02-07 07:38:07,178
2023-02-07 07:43:07,179
2023-02-07 07:48:07,177
2023-02-07 07:53:07,174
2023-02-07 07:58:07,174
2023-02-07 08:03:06,166
2023-02-07 08:08:06,157
2023-02-07 08:13:07,146
2023-02-07 08:18:06,141
2023-02-07 08:23:07,136
2023-02-07 08:28:07,133
2023-02-07 08:33:06,129
2023-02-07 08:38:06,125
2023-02-07 08:43:07,121
2023-02-07 08:48:06,118
2023-02-07 08:53:06,115
2023-02-07 08:58:07,111
2023-02-07 09:03:06,103
2023-02-07 09:08:06,100
2023-02-07 09:13:06,100
2023-02-07 09:18:07,98
2023-02-07 09:23:06,96
2023-02-07 09:28:06,93
2023-02-07 09:33:07,91
2023-02-07 09:38:07,89
2023-02-07 09:43:06,88
2023-02-07 09:48:07,89
2023-02-07 09:53:07,89
2023-02-07 09:58:06,90
2023-02-07 10:03:06,90
2023-02-07 10:08:06,90
2023-02-07 10:13:06,89
2023-02-07 10:18:06,89
2023-02-07 10:23:06,91
2023-02-07 10:28:07,92
2023-02-07 10:33:07,94
2023-02-07 10:38:06,94
2023-02-07 10:43:07,94
2023-02-07 10:48:07,95
2023-02-07 10:53:07,97
2023-02-07 10:58:07,98
2023-02-07 11:03:06,99
2023-02-07 11:08:07,99
2023-02-07 11:13:06,96
2023-02-07 11:18:07,95
2023-02-07 11:23:07,97
2023-02-07 11:28:06,98
2023-02-07 11:33:06,99
2023-02-07 11:38:07,99
2023-02-07 11:43:06,99
2023-02-07 11:48:06,99
2023-02-07 11:53:07,98
2023-02-07 11:58:06,98
2023-02-07 12:03:07,97
2023-02-07 12:08:06,98
2023-02-07 12:13:06,98
2023-02-07 12:18:06,99
2023-02-07 12:23:07,98
2023-02-07 12:28:06,98
2023-02-07 12:33:06,98
2023-02-07 12:38:07,102
2023-02-07 12:43:07,103
2023-02-07 12:48:06,105
2023-02-07 12:53:06,105
2023-02-07 12:58:07,108
2023-02-07 13:03:07,108
2023-02-07 13:08:07,109
2023-02-07 13:13:07,108
2023-02-07 13:18:06,107
2023-02-07 13:23:07,107
2023-02-07 13:28:07,107
2023-02-07 13:33:07,109
2023-02-07 13:38:07,117
2023-02-07 13:43:06,129
2023-02-07 13:48:07,143
2023-02-07 13:53:06,148
2023-02-07 13:58:06,161
2023-02-07 14:03:06,179
2023-02-07 14:08:07,194
2023-02-07 14:13:06,206
2023-02-07 14:18:06,208
2023-02-07 14:23:06,210
2023-02-07 14:28:07,210
2023-02-07 14:33:07,202
2023-02-07 14:38:06,204
2023-02-07 14:43:07,199
2023-02-07 14:48:07,194
2023-02-07 14:53:07,191
2023-02-07 14:58:06,178
2023-02-07 15:03:07,168
2023-02-07 15:08:06,162
2023-02-07 15:13:06,160
2023-02-07 15:18:06,154
2023-02-07 15:23:06,165
2023-02-07 15:28:07,164
2023-02-07 15:33:07,168
2023-02-07 15:38:07,149
2023-02-07 15:43:06,161
2023-02-07 15:48:06,161
2023-02-07 15:53:06,159
2023-02-07 15:58:06,171
2023-02-07 16:03:07,165
2023-02-07 16:08:07,163
2023-02-07 16:13:06,159
2023-02-07 16:18:06,154
2023-02-07 16:23:06,152
2023-02-07 16:28:06,149
2023-02-07 16:33:06,149
2023-02-07 16:38:06,147
2023-02-07 16:43:06,145
2023-02-07 16:48:06,144
2023-02-07 16:53:06,142
2023-02-07 16:58:06,145
2023-02-07 17:03:07,142
2023-02-07 17:08:06,141
2023-02-07 17:13:06,138
2023-02-07 17:18:07,138
2023-02-07 17:23:07,136
2023-02-07 17:28:06,135
2023-02-07 17:33:07,136
2023-02-07 17:38:06,135
2023-02-07 17:43:06,133
2023-02-07 17:48:07,132
2023-02-07 17:53:06,130
2023-02-07 17:58:06,128
2023-02-07 18:03:06,126
2023-02-07 18:08:07,124
2023-02-07 18:13:06,122
2023-02-07 18:18:07,119
2023-02-07 18:23:07,115
2023-02-07 18:28:06,112
2023-02-07 18:33:06,111
2023-02-07 18:38:07,111
2023-02-07 18:43:07,108
2023-02-07 18:48:08,108
2023-02-07 18:53:08,104
2023-02-07 18:58:08,103
2023-02-07 19:03:08,99
2023-02-07 19:08:08,95
2023-02-07 19:13:08,87
2023-02-07 19:18:07,77
2023-02-07 19:23:08,71
2023-02-07 19:28:08,67
2023-02-07 19:33:08,67
2023-02-07 19:38:07,67
2023-02-07 19:43:07,67
2023-02-07 19:48:08,72
2023-02-07 19:53:08,77
2023-02-07 19:58:07,82
2023-02-07 20:03:08,89
2023-02-07 20:08:08,90
2023-02-07 20:13:07,90
2023-02-07 20:18:08,84
2023-02-07 20:23:08,76
2023-02-07 20:28:07,70
2023-02-07 20:33:08,70
2023-02-07 20:38:08,72
2023-02-07 20:43:07,82
2023-02-07 20:48:07,90
2023-02-07 20:53:07,103
2023-02-07 20:58:08,109
2023-02-07 21:03:08,115
2023-02-07 21:08:07,120
2023-02-07 21:13:07,114
2023-02-07 21:18:07,106
2023-02-07 21:23:07,95
2023-02-07 21:28:07,83
2023-02-07 21:33:07,75
2023-02-07 21:38:08,73
2023-02-07 21:43:08,70
2023-02-07 21:48:08,72
2023-02-07 21:53:07,77
2023-02-07 21:58:08,82
2023-02-07 22:03:07,88
2023-02-07 22:08:07,96
2023-02-07 22:13:08,103
2023-02-07 22:18:07,114
2023-02-07 22:23:07,120
2023-02-07 22:28:08,134
2023-02-07 22:33:07,149
2023-02-07 22:38:07,162
2023-02-07 22:43:08,173
2023-02-07 22:48:08,184
2023-02-07 22:53:07,183
2023-02-07 22:58:08,174
2023-02-07 23:03:08,149
2023-02-07 23:08:08,122
2023-02-07 23:13:08,140
2023-02-07 23:18:08,151
2023-02-07 23:23:08,159
2023-02-07 23:28:08,163
2023-02-07 23:33:07,162
2023-02-07 23:38:08,147
2023-02-07 23:43:08,144
2023-02-07 23:48:08,145
2023-02-07 23:53:08,140
2023-02-07 23:58:06,137
2023-02-08 00:03:07,136
2023-02-08 00:08:07,137
2023-02-08 00:13:06,141
2023-02-08 00:18:07,151
2023-02-08 00:23:07,158
2023-02-08 00:28:06,155
2023-02-08 00:33:06,147
2023-02-08 00:38:07,139
2023-02-08 00:43:07,133
2023-02-08 00:48:07,129
2023-02-08 00:53:07,125
2023-02-08 00:58:06,119
2023-02-08 01:03:08,112
2023-02-08 01:08:08,109
2023-02-08 01:13:08,108
2023-02-08 01:18:08,108
2023-02-08 01:23:08,107
2023-02-08 01:28:07,106
2023-02-08 01:33:08,105
2023-02-08 01:38:07,104
2023-02-08 01:43:07,102
2023-02-08 01:48:08,100
2023-02-08 01:53:08,98
2023-02-08 01:58:08,96
2023-02-08 02:03:08,96
2023-02-08 02:08:07,96
2023-02-08 02:13:08,96
2023-02-08 02:18:07,96
2023-02-08 02:23:08,94
2023-02-08 02:28:07,90
2023-02-08 02:33:08,91
2023-02-08 02:38:07,93
2023-02-08 02:43:07,95
2023-02-08 02:48:08,95
2023-02-08 02:53:08,95
2023-02-08 02:58:07,95
2023-02-08 03:03:08,96
2023-02-08 03:08:08,97
2023-02-08 03:13:07,101
2023-02-08 03:18:08,105
2023-02-08 03:23:08,105
2023-02-08 03:28:07,104
2023-02-08 03:33:08,102
2023-02-08 03:38:08,101
2023-02-08 03:43:08,99
2023-02-08 03:48:07,98
2023-02-08 03:53:07,97
2023-02-08 03:58:07,97
2023-02-08 04:03:08,90
2023-02-08 04:08:08,83
2023-02-08 04:13:08,78
2023-02-08 04:18:07,74
2023-02-08 04:23:08,76
2023-02-08 04:28:08,78
2023-02-08 04:33:08,82
2023-02-08 04:38:08,83
2023-02-08 04:43:07,83
2023-02-08 04:48:07,81
2023-02-08 04:53:07,80
2023-02-08 04:58:07,79
2023-02-08 05:03:08,79
2023-02-08 05:08:08,78
2023-02-08 05:13:07,77
2023-02-08 05:18:08,74
2023-02-08 05:23:08,68
2023-02-08 05:28:08,69
2023-02-08 05:33:08,68
2023-02-08 05:38:07,66
2023-02-08 05:43:08,66
2023-02-08 05:48:07,65
2023-02-08 05:53:07,64
2023-02-08 05:58:07,64
2023-02-08 06:03:07,62
2023-02-08 06:08:08,65
2023-02-08 06:13:07,70
2023-02-08 06:18:08,73
2023-02-08 06:23:08,83
2023-02-08 06:28:08,109
2023-02-08 06:33:08,127
2023-02-08 06:38:08,144
2023-02-08 06:43:08,155
2023-02-08 06:48:08,168
2023-02-08 06:53:07,183
2023-02-08 06:58:07,196
2023-02-08 07:03:08,210
2023-02-08 07:08:08,218
2023-02-08 07:13:08,227
2023-02-08 07:18:08,228
2023-02-08 07:23:08,230
2023-02-08 07:28:08,234
2023-02-08 07:33:08,235
2023-02-08 07:38:08,230
2023-02-08 07:43:08,222
2023-02-08 07:48:08,209
2023-02-08 07:53:08,225
2023-02-08 07:58:08,213
2023-02-08 08:03:08,194
2023-02-08 08:08:08,181
2023-02-08 08:13:08,190
2023-02-08 08:18:08,172
2023-02-08 08:23:08,172
2023-02-08 08:28:08,166
2023-02-08 08:33:08,162
2023-02-08 08:38:08,152
2023-02-08 08:43:08,156
2023-02-08 08:48:07,153
2023-02-08 08:53:08,148
2023-02-08 08:58:08,144
2023-02-08 09:03:08,138
2023-02-08 09:08:07,134
2023-02-08 09:13:08,131
2023-02-08 09:18:08,124
2023-02-08 09:23:08,122
2023-02-08 09:28:08,121
2023-02-08 09:33:08,123
2023-02-08 09:38:08,120
2023-02-08 09:43:08,120
2023-02-08 09:48:08,120
2023-02-08 09:53:08,120
2023-02-08 09:58:08,120
2023-02-08 10:03:08,118
2023-02-08 10:08:08,117
2023-02-08 10:13:07,115
2023-02-08 10:18:08,112
2023-02-08 10:23:08,110
2023-02-08 10:28:08,108
2023-02-08 10:33:08,106
2023-02-08 10:38:08,102
2023-02-08 10:43:08,97
2023-02-08 10:48:08,93
2023-02-08 10:53:08,90
2023-02-08 10:58:08,90
2023-02-08 11:03:08,89
2023-02-08 11:08:08,94
2023-02-08 11:13:08,109
2023-02-08 11:18:08,127
2023-02-08 11:23:08,133
2023-02-08 11:28:08,136
2023-02-08 11:33:08,153
2023-02-08 11:38:08,165
2023-02-08 11:43:08,156
2023-02-08 11:48:08,134
2023-02-08 11:53:08,109
2023-02-08 11:58:08,92
2023-02-08 12:03:08,91
2023-02-08 12:08:08,93
2023-02-08 12:13:08,84
2023-02-08 12:18:08,77
2023-02-08 12:23:08,77
2023-02-08 12:28:08,84
2023-02-08 12:33:07,88
2023-02-08 12:38:08,93
2023-02-08 12:43:08,99
2023-02-08 12:48:08,103
2023-02-08 12:53:08,108
2023-02-08 12:58:07,124
2023-02-08 13:03:08,133
2023-02-08 13:08:08,135
2023-02-08 13:13:08,140
2023-02-08 13:18:08,146
2023-02-08 13:23:08,150
2023-02-08 13:28:08,154
2023-02-08 13:33:08,161
2023-02-08 13:38:08,161
2023-02-08 13:43:08,153
2023-02-08 13:48:08,149
2023-02-08 13:53:08,151
2023-02-08 13:58:08,153
2023-02-08 14:03:08,162
2023-02-08 14:08:08,170
2023-02-08 14:13:08,168
2023-02-08 14:18:08,181
2023-02-08 14:23:08,178
2023-02-08 14:28:08,196
2023-02-08 14:33:08,192
2023-02-08 14:38:08,178
2023-02-08 14:43:07,162
2023-02-08 14:48:07,143
2023-02-08 14:53:07,120
2023-02-08 14:58:07,108
2023-02-08 15:03:07,103
2023-02-08 15:08:07,100
2023-02-08 15:13:07,104
2023-02-08 15:18:07,107
2023-02-08 15:23:07,110
2023-02-08 15:28:07,112
2023-02-08 15:33:07,118
2023-02-08 15:38:07,125
2023-02-08 15:43:07,131
2023-02-08 15:48:07,133
2023-02-08 15:53:07,136
2023-02-08 15:58:07,139
2023-02-08 16:03:07,141
2023-02-08 16:08:07,143
2023-02-08 16:13:07,145
2023-02-08 16:18:07,150
2023-02-08 16:23:07,154
2023-02-08 16:28:07,154
2023-02-08 16:33:07,152
2023-02-08 16:38:07,151
2023-02-08 16:43:07,149
2023-02-08 16:48:07,150
2023-02-08 16:53:07,153
2023-02-08 16:58:07,157
2023-02-08 17:03:07,161
2023-02-08 17:08:07,161
2023-02-08 17:13:07,161
2023-02-08 17:18:07,161
2023-02-08 17:23:07,162
2023-02-08 17:28:07,160
2023-02-08 17:33:07,157
2023-02-08 17:38:07,160
2023-02-08 17:43:07,151
2023-02-08 17:48:07,143
2023-02-08 17:53:07,138
2023-02-08 17:58:07,133
2023-02-08 18:03:06,116
2023-02-08 18:08:07,104
2023-02-08 18:13:07,93
2023-02-08 18:18:07,82
2023-02-08 18:23:07,77
2023-02-08 18:28:07,82
2023-02-08 18:33:07,83
2023-02-08 18:38:07,79
2023-02-08 18:43:07,83
2023-02-08 18:48:08,84
2023-02-08 18:53:08,80
2023-02-08 18:58:08,75
2023-02-08 19:03:08,67
2023-02-08 19:08:08,64
2023-02-08 19:13:08,61
2023-02-08 19:18:08,62
2023-02-08 19:23:08,64
2023-02-08 19:28:08,65
2023-02-08 19:33:08,67
2023-02-08 19:38:08,71
2023-02-08 19:43:08,76
2023-02-08 19:48:08,83
2023-02-08 19:53:08,95
2023-02-08 19:58:08,102
2023-02-08 20:03:07,105
2023-02-08 20:08:08,113
2023-02-08 20:13:07,113
2023-02-08 20:18:08,115
2023-02-08 20:23:08,121
2023-02-08 20:28:07,127
2023-02-08 20:33:08,135
2023-02-08 20:38:08,145
2023-02-08 20:43:08,153
2023-02-08 20:48:08,161
2023-02-08 20:53:08,166
2023-02-08 20:58:08,170
2023-02-08 21:03:08,178
2023-02-08 21:08:08,185
2023-02-08 21:13:08,188
2023-02-08 21:18:08,191
2023-02-08 21:23:07,193
2023-02-08 21:28:08,196
2023-02-08 21:33:08,197
2023-02-08 21:38:08,194
2023-02-08 21:43:08,193
2023-02-08 21:48:08,190
2023-02-08 21:53:08,187
2023-02-08 21:58:08,184
2023-02-08 22:03:08,181
2023-02-08 22:08:08,181
2023-02-08 22:13:08,180
2023-02-08 22:18:08,178
2023-02-08 22:23:08,177
2023-02-08 22:28:08,176
2023-02-08 22:33:08,171
2023-02-08 22:38:08,170
2023-02-08 22:43:08,167
2023-02-08 22:48:08,164
2023-02-08 22:53:08,163
2023-02-08 22:58:09,161
2023-02-08 23:03:08,161
2023-02-08 23:08:08,162
2023-02-08 23:13:08,168
2023-02-08 23:18:08,174
2023-02-08 23:23:08,184
2023-02-08 23:28:08,194
2023-02-08 23:33:08,203
2023-02-08 23:38:08,201
2023-02-08 23:43:08,201
2023-02-08 23:48:08,199
2023-02-08 23:53:08,195
2023-02-08 23:58:08,194
2023-02-09 00:03:08,193
2023-02-09 00:08:08,191
2023-02-09 00:13:08,194
2023-02-09 00:18:08,197
2023-02-09 00:23:08,197
2023-02-09 00:28:09,197
2023-02-09 00:33:08,195
2023-02-09 00:38:08,186
2023-02-09 00:43:08,182
2023-02-09 00:48:08,177
2023-02-09 00:53:08,174
2023-02-09 00:58:08,173
2023-02-09 01:03:08,172
2023-02-09 01:08:08,171
2023-02-09 01:13:08,168
2023-02-09 01:18:08,166
2023-02-09 01:23:08,165
2023-02-09 01:28:08,167
2023-02-09 01:33:08,166
2023-02-09 01:38:08,164
2023-02-09 01:43:08,163
2023-02-09 01:48:08,163
2023-02-09 01:53:08,161
2023-02-09 01:58:08,158
2023-02-09 02:03:08,157
2023-02-09 02:08:08,155
2023-02-09 02:13:08,156
2023-02-09 02:18:08,158
2023-02-09 02:23:08,163
2023-02-09 02:28:08,168
2023-02-09 02:33:08,167
2023-02-09 02:38:08,170
2023-02-09 02:43:08,176
2023-02-09 02:48:08,186
2023-02-09 02:53:08,197
2023-02-09 02:58:08,208
2023-02-09 03:03:08,214
2023-02-09 03:08:08,222
2023-02-09 03:13:08,233
2023-02-09 03:18:08,245
2023-02-09 03:23:08,258
2023-02-09 03:28:08,269
2023-02-09 03:33:08,279
2023-02-09 03:38:08,286
2023-02-09 03:43:08,294
2023-02-09 03:48:08,299
2023-02-09 03:53:08,305
2023-02-09 03:58:08,309
2023-02-09 04:03:08,312
2023-02-09 04:08:08,315
2023-02-09 04:13:08,317
2023-02-09 04:18:08,317
2023-02-09 04:23:09,314
2023-02-09 04:28:08,313
2023-02-09 04:33:08,313
2023-02-09 04:38:08,314
2023-02-09 04:43:08,312
2023-02-09 04:48:08,312
2023-02-09 04:53:09,311
2023-02-09 04:58:08,310
2023-02-09 05:03:08,304
2023-02-09 05:08:08,299
2023-02-09 05:13:08,295
2023-02-09 05:18:08,292
2023-02-09 05:23:08,288
2023-02-09 05:28:08,282
2023-02-09 05:33:09,272
2023-02-09 05:38:08,270
2023-02-09 05:43:08,271
2023-02-09 05:48:09,271
2023-02-09 05:53:09,272
2023-02-09 05:58:08,274
2023-02-09 06:03:08,271
2023-02-09 06:08:08,269
2023-02-09 06:13:08,262
2023-02-09 06:18:08,251
2023-02-09 06:23:08,251
2023-02-09 06:28:08,258
2023-02-09 06:33:09,253
2023-02-09 06:38:08,253
2023-02-09 06:43:08,248
2023-02-09 06:48:08,244
2023-02-09 06:53:09,238
2023-02-09 06:58:08,234
2023-02-09 07:03:08,235
2023-02-09 07:08:08,227
2023-02-09 07:13:08,220
2023-02-09 07:18:08,207
2023-02-09 07:23:08,193
2023-02-09 07:28:08,181
2023-02-09 07:33:08,186
2023-02-09 07:38:08,183
2023-02-09 07:43:08,183
2023-02-09 07:48:08,187
2023-02-09 07:53:08,182
2023-02-09 07:58:08,177
2023-02-09 08:03:08,173
2023-02-09 08:08:08,170
2023-02-09 08:13:08,169
2023-02-09 08:18:08,168
2023-02-09 08:23:08,165
2023-02-09 08:28:08,156
2023-02-09 08:33:08,150
2023-02-09 08:38:08,145
2023-02-09 08:43:08,137
2023-02-09 08:48:08,130
2023-02-09 08:53:08,124
2023-02-09 08:58:08,120
2023-02-09 09:03:08,118
2023-02-09 09:08:08,115
2023-02-09 09:13:08,111
2023-02-09 09:18:08,106
2023-02-09 09:23:08,101
2023-02-09 09:28:08,98
2023-02-09 09:33:08,97
2023-02-09 09:38:09,97
2023-02-09 09:43:08,100
2023-02-09 09:48:08,113
2023-02-09 09:53:08,129
2023-02-09 09:58:08,138
2023-02-09 10:03:08,143
2023-02-09 10:08:08,149
2023-02-09 10:13:08,152
2023-02-09 10:18:08,155
2023-02-09 10:23:08,156
2023-02-09 10:28:08,146
2023-02-09 10:33:08,132
2023-02-09 10:38:08,117
2023-02-09 10:43:07,102
2023-02-09 10:48:07,92
2023-02-09 10:53:07,82
2023-02-09 10:58:08,77
2023-02-09 11:03:07,75
2023-02-09 11:08:08,71
2023-02-09 11:13:07,70
2023-02-09 11:18:07,74
2023-02-09 11:23:07,77
2023-02-09 11:28:07,76
2023-02-09 11:33:07,73
2023-02-09 11:38:08,72
2023-02-09 11:43:07,70
2023-02-09 11:48:07,74
2023-02-09 11:53:07,83
2023-02-09 11:58:07,100
2023-02-09 12:03:07,115
2023-02-09 12:08:07,127
2023-02-09 12:13:08,128
2023-02-09 12:18:08,124
2023-02-09 12:23:07,117
2023-02-09 12:28:07,108
2023-02-09 12:33:07,99
2023-02-09 12:38:07,93
2023-02-09 12:43:07,88
2023-02-09 12:48:07,84
2023-02-09 12:53:08,81
2023-02-09 12:58:07,79
2023-02-09 13:03:08,76
2023-02-09 13:08:07,74
2023-02-09 13:13:07,73
2023-02-09 13:18:08,72
2023-02-09 13:23:08,73
2023-02-09 13:28:08,75
2023-02-09 13:33:07,77
2023-02-09 13:38:07,83
2023-02-09 13:43:07,91
2023-02-09 13:48:07,106
2023-02-09 13:53:07,117
2023-02-09 13:58:07,121
2023-02-09 14:03:07,121
2023-02-09 14:08:08,120
2023-02-09 14:13:07,120
2023-02-09 14:18:07,118
2023-02-09 14:23:08,117
2023-02-09 14:28:07,115
2023-02-09 14:33:08,109
2023-02-09 14:38:07,107
2023-02-09 14:43:07,108
2023-02-09 14:48:07,116
2023-02-09 14:53:07,123
2023-02-09 14:58:07,126
2023-02-09 15:03:07,132
2023-02-09 15:08:07,141
2023-02-09 15:13:07,155
2023-02-09 15:18:07,171
2023-02-09 15:23:07,184
2023-02-09 15:28:07,194
2023-02-09 15:33:07,203
2023-02-09 15:38:07,207
2023-02-09 15:43:07,208
2023-02-09 15:48:07,203
2023-02-09 15:53:07,204
2023-02-09 15:58:07,202
2023-02-09 16:03:07,201
2023-02-09 16:08:08,196
2023-02-09 16:13:08,195
2023-02-09 16:18:08,187
2023-02-09 16:23:08,180
2023-02-09 16:28:08,179
2023-02-09 16:33:07,184
2023-02-09 16:38:07,176
2023-02-09 16:43:08,195
2023-02-09 16:48:07,203
2023-02-09 16:53:07,199
2023-02-09 16:58:07,214
2023-02-09 17:03:07,197
2023-02-09 17:08:07,173
2023-02-09 17:13:07,191
2023-02-09 17:18:08,214
2023-02-09 17:23:08,233
2023-02-09 17:28:09,245
2023-02-09 17:33:08,242
2023-02-09 17:38:09,218
2023-02-09 17:43:08,208
2023-02-09 17:48:08,192
2023-02-09 17:53:09,187
2023-02-09 17:58:08,221
2023-02-09 18:23:08,246
2023-02-09 18:28:08,242
2023-02-09 18:33:09,239
2023-02-09 18:38:08,238
2023-02-09 18:43:08,237
2023-02-09 18:48:08,226
2023-02-09 18:53:09,226
2023-02-09 18:58:09,233
2023-02-09 19:03:08,231
2023-02-09 19:08:08,233
2023-02-09 19:13:08,227
2023-02-09 19:18:09,225
2023-02-09 19:23:08,222
2023-02-09 19:28:08,215
2023-02-09 19:33:08,207
2023-02-09 19:38:09,192
2023-02-09 19:43:08,202
2023-02-09 19:48:09,191
2023-02-09 19:53:09,189
2023-02-09 19:58:08,195
2023-02-09 20:03:08,196
2023-02-09 20:08:09,201
2023-02-09 20:13:08,204
2023-02-09 20:18:08,206
2023-02-12 12:38:09,335
2023-02-12 12:43:09,338
2023-02-12 12:48:09,327
2023-02-12 12:53:09,305
2023-02-12 12:58:09,282
2023-02-12 13:03:09,272
2023-02-12 13:08:09,292
2023-02-12 13:13:09,303
2023-02-12 13:18:09,307
2023-02-12 13:23:09,290
2023-02-12 13:28:09,277
2023-02-12 13:33:09,264
2023-02-12 13:38:08,244
2023-02-12 13:43:08,231
2023-02-12 13:48:09,219
2023-02-12 13:53:09,205
2023-02-12 13:58:09,179
2023-02-12 14:03:08,148
2023-02-12 14:08:09,126
2023-02-12 14:13:08,118
2023-02-12 14:18:08,114
2023-02-12 14:23:09,110
2023-02-12 14:28:09,101
2023-02-12 14:33:08,94
2023-02-12 14:38:09,88
2023-02-12 14:43:09,92
2023-02-12 14:48:09,106
2023-02-12 14:53:09,133
2023-02-12 14:58:08,155
2023-02-12 15:03:09,174
2023-02-12 15:08:09,189
2023-02-12 15:13:09,203
2023-02-12 15:18:09,217
2023-02-12 15:23:09,212
2023-02-12 15:28:09,213
2023-02-12 15:33:08,218
2023-02-12 15:38:09,217
2023-02-12 15:43:09,218
2023-02-12 15:48:08,203
2023-02-12 15:53:09,197
2023-02-12 15:58:09,190
2023-02-12 16:03:09,187
2023-02-12 16:08:09,186
2023-02-12 16:13:09,188
2023-02-12 16:18:08,187
2023-02-12 16:23:09,164
2023-02-12 16:28:09,167
2023-02-12 16:33:09,156
2023-02-12 16:38:08,159
2023-02-12 16:43:09,157
2023-02-12 16:48:09,156
2023-02-12 16:53:08,156
2023-02-12 16:58:09,171
2023-02-12 17:03:09,185
2023-02-12 17:08:09,202
2023-02-12 17:13:09,213
2023-02-12 17:18:08,221
2023-02-12 17:23:09,225
2023-02-12 17:28:09,218
2023-02-12 17:33:09,209
2023-02-12 17:38:09,204
2023-02-12 17:43:09,206
2023-02-12 17:48:09,209
2023-02-12 17:53:08,216
2023-02-12 17:58:09,224
2023-02-12 18:03:09,234
2023-02-12 18:08:09,244
2023-02-12 18:13:09,249
2023-02-12 18:18:09,250
2023-02-12 18:23:09,257
2023-02-12 18:28:09,266
2023-02-12 18:33:09,279
2023-02-12 18:38:08,289
2023-02-12 18:43:09,299
2023-02-12 18:48:09,297
2023-02-12 18:53:08,293
2023-02-12 18:58:09,284
2023-02-12 19:03:09,268
2023-02-12 19:08:09,228
2023-02-12 19:13:09,199
2023-02-12 19:18:09,191
2023-02-12 19:23:09,188
2023-02-12 19:28:08,199
2023-02-12 19:33:09,201
2023-02-12 19:38:09,210
2023-02-12 19:43:08,215
2023-02-12 19:48:09,221
2023-02-12 19:53:09,227
2023-02-12 19:58:09,246
2023-02-12 20:03:09,253
2023-02-12 20:08:08,260
2023-02-12 20:13:09,260
2023-02-12 20:18:09,263
2023-02-12 20:23:09,276
2023-02-12 20:28:08,287
2023-02-12 20:33:09,295
2023-02-12 20:38:09,296
2023-02-12 20:43:09,299
2023-02-12 20:48:09,303
2023-02-12 20:53:08,303
2023-02-12 20:58:09,299
2023-02-12 21:03:09,296
2023-02-12 21:08:09,297
2023-02-12 21:13:09,286
2023-02-12 21:18:09,272
2023-02-12 21:23:09,256
2023-02-12 21:28:09,248
2023-02-12 21:33:09,242
2023-02-12 21:38:09,223
2023-02-12 21:43:09,203
2023-02-12 21:48:09,193
2023-02-12 21:53:09,189
2023-02-12 21:58:09,183
2023-02-12 22:03:09,179
2023-02-12 22:08:09,177
2023-02-12 22:13:08,177
2023-02-12 22:18:09,179
2023-02-12 22:23:09,177
2023-02-12 22:28:09,168
2023-02-12 22:33:09,162
2023-02-12 22:38:09,154
2023-02-12 22:43:09,156
2023-02-12 22:48:08,150
2023-02-12 22:53:09,145
2023-02-12 22:58:09,136
2023-02-12 23:03:08,123
2023-02-12 23:08:09,114
2023-02-12 23:13:09,107
2023-02-12 23:18:09,103
2023-02-12 23:23:08,99
2023-02-12 23:28:08,99
2023-02-12 23:33:08,108
2023-02-12 23:38:09,118
2023-02-12 23:43:09,130
2023-02-12 23:48:09,135
2023-02-12 23:53:09,142
2023-02-12 23:58:09,148
2023-02-13 00:03:09,156
2023-02-13 00:08:09,169
2023-02-13 00:13:09,184
2023-02-13 00:18:09,199
2023-02-13 00:23:09,210
2023-02-13 00:28:09,218
2023-02-13 00:33:09,225
2023-02-13 00:38:09,228
2023-02-13 00:43:08,225
2023-02-13 00:48:09,222
2023-02-13 00:53:09,218
2023-02-13 00:58:09,218
2023-02-13 01:03:09,219
2023-02-13 01:08:09,220
2023-02-13 01:13:09,218
2023-02-13 01:18:09,225
2023-02-13 01:23:09,227
2023-02-13 01:28:09,227
2023-02-13 01:33:09,223
2023-02-13 01:38:08,221
2023-02-13 01:43:09,223
2023-02-13 01:48:09,215
2023-02-13 01:53:09,211
2023-02-13 01:58:09,209
2023-02-13 02:03:09,210
2023-02-13 02:08:09,211
2023-02-13 02:13:09,212
2023-02-13 02:18:09,212
2023-02-13 02:23:09,211
2023-02-13 02:28:09,211
2023-02-13 02:33:09,210
2023-02-13 02:38:09,209
2023-02-13 02:43:09,213
2023-02-13 02:48:09,192
2023-02-13 02:53:09,177
2023-02-13 02:58:09,170
2023-02-13 03:03:09,168
2023-02-13 03:08:09,168
2023-02-13 03:13:09,169
2023-02-13 03:18:09,171
2023-02-13 03:23:09,170
2023-02-13 03:28:09,172
2023-02-13 03:33:08,173
2023-02-13 03:38:09,175
2023-02-13 03:43:08,160
2023-02-13 03:48:09,144
2023-02-13 03:53:09,137
2023-02-13 03:58:09,132
2023-02-13 04:03:08,132
2023-02-13 04:08:09,133
2023-02-13 04:13:09,135
2023-02-13 04:18:09,137
2023-02-13 04:23:09,156
2023-02-13 04:28:09,185
2023-02-13 04:33:09,205
2023-02-13 04:38:09,204
2023-02-13 04:43:09,197
2023-02-13 04:48:10,196
2023-02-13 04:53:10,194
2023-02-13 04:58:10,181
2023-02-13 05:03:10,181
2023-02-13 05:08:10,183
2023-02-13 05:13:10,183
2023-02-13 05:18:10,181
2023-02-13 05:23:10,178
2023-02-13 05:28:10,175
2023-02-13 05:33:10,177
2023-02-13 05:38:10,177
2023-02-13 05:43:10,169
2023-02-13 05:48:10,175
2023-02-13 05:53:10,178
2023-02-13 05:58:10,177
2023-02-13 06:03:10,174
2023-02-13 06:08:10,166
2023-02-13 06:13:10,161
2023-02-13 06:18:10,167
2023-02-13 06:23:10,169
2023-02-13 06:28:10,161
2023-02-13 06:33:10,153
2023-02-13 06:38:10,161
2023-02-13 06:43:09,164
2023-02-13 06:48:09,163
2023-02-13 06:53:09,160
2023-02-13 06:58:09,157
2023-02-13 07:03:08,156
2023-02-13 07:08:09,151
2023-02-13 07:13:09,154
2023-02-13 07:18:09,155
2023-02-13 07:23:09,147
2023-02-13 07:28:09,153
2023-02-13 07:33:09,158
2023-02-13 07:38:09,157
2023-02-13 07:43:09,164
2023-02-13 07:48:09,170
2023-02-13 07:53:09,176
2023-02-13 07:58:09,181
2023-02-13 08:03:09,187
2023-02-13 08:08:09,196
2023-02-13 08:13:09,202
2023-02-13 08:18:09,207
2023-02-13 08:23:09,210
2023-02-13 08:28:09,208
2023-02-13 08:33:09,205
2023-02-13 08:38:09,200
2023-02-13 08:43:09,197
2023-02-13 08:48:09,193
2023-02-13 08:53:09,189
2023-02-13 08:58:09,183
2023-02-13 09:03:09,176
2023-02-13 09:08:09,167
2023-02-13 09:13:09,162
2023-02-13 09:18:09,156
2023-02-13 09:23:09,151
2023-02-13 09:28:10,146
2023-02-13 09:33:10,140
2023-02-13 09:38:10,135
2023-02-13 09:43:10,134
2023-02-13 09:48:10,133
2023-02-13 09:53:10,132
2023-02-13 09:58:10,133
2023-02-13 10:03:10,135
2023-02-13 10:08:10,137
2023-02-13 10:13:10,134
2023-02-13 10:18:10,132
2023-02-13 10:23:11,132
2023-02-13 10:28:10,135
2023-02-13 10:33:11,136
2023-02-13 10:38:10,136
2023-02-13 10:43:10,138
2023-02-13 10:48:10,140
2023-02-13 10:53:10,141
2023-02-13 10:58:10,139
2023-02-13 11:03:10,133
2023-02-13 11:08:10,135
2023-02-13 11:13:10,138
2023-02-13 11:18:10,139
2023-02-13 11:23:10,140
2023-02-13 11:28:10,134
2023-02-13 11:33:10,134
2023-02-13 11:38:10,131
2023-02-13 11:43:10,128
2023-02-13 11:48:10,130
2023-02-13 11:53:10,131
2023-02-13 11:58:10,128
2023-02-13 12:03:11,127
2023-02-13 12:08:10,125
2023-02-13 12:13:10,127
2023-02-13 12:18:10,125
2023-02-13 12:23:10,124
2023-02-13 12:28:10,128
2023-02-13 12:33:10,126
2023-02-13 12:38:10,124
2023-02-13 12:43:10,123
2023-02-13 12:48:10,124
2023-02-13 12:53:10,125
2023-02-13 12:58:10,129
2023-02-13 13:03:10,132
2023-02-13 13:08:10,125
2023-02-13 13:13:10,121
2023-02-13 13:18:10,118
2023-02-13 13:23:10,119
2023-02-13 13:28:10,119
2023-02-13 13:33:10,117
2023-02-13 13:38:10,113
2023-02-13 13:43:11,110
2023-02-13 13:48:10,110
2023-02-13 13:53:10,109
2023-02-13 13:58:10,108
2023-02-13 14:03:11,110
2023-02-13 14:08:10,111
2023-02-13 14:13:10,114
2023-02-13 14:18:11,115
2023-02-13 14:23:11,116
2023-02-13 14:28:10,118
2023-02-13 14:33:10,120
2023-02-13 14:38:10,124
2023-02-13 14:43:10,130
2023-02-13 14:48:10,139
2023-02-13 14:53:11,146
2023-02-13 14:58:11,141
2023-02-13 15:03:10,139
2023-02-13 15:08:10,143
2023-02-13 15:13:11,156
2023-02-13 15:18:10,179
2023-02-13 15:23:11,187
2023-02-13 15:28:10,191
2023-02-13 15:33:10,194
2023-02-13 15:38:10,198
2023-02-13 15:43:10,193
2023-02-13 15:48:11,206
2023-02-13 15:53:10,221
2023-02-13 15:58:10,216
2023-02-13 16:03:10,203
2023-02-13 16:08:10,192
2023-02-13 16:13:10,189
2023-02-13 16:18:10,197
2023-02-13 16:23:10,206
2023-02-13 16:28:10,217
2023-02-13 16:33:10,228
2023-02-13 16:38:10,241
2023-02-13 16:43:10,251
2023-02-13 16:48:10,255
2023-02-13 16:53:11,256
2023-02-13 16:58:10,252
2023-02-13 17:03:11,249
2023-02-13 17:08:10,247
2023-02-13 17:13:10,246
2023-02-13 17:18:10,243
2023-02-13 17:23:10,246
2023-02-13 17:28:11,254
2023-02-13 17:33:10,253
2023-02-13 17:38:10,245
2023-02-13 17:43:10,241
2023-02-13 17:48:10,240
2023-02-13 17:53:10,243
2023-02-13 17:58:10,244
2023-02-13 18:03:10,245
2023-02-13 18:08:10,240
2023-02-13 18:13:11,229
2023-02-13 18:18:10,217
2023-02-13 18:23:11,203
2023-02-13 18:28:11,193
2023-02-13 18:33:11,193
2023-02-13 18:38:11,200
2023-02-13 18:43:10,210
2023-02-13 18:48:10,220
2023-02-13 18:53:10,223
2023-02-13 18:58:10,220
2023-02-13 19:03:10,218
2023-02-13 19:08:10,215
2023-02-13 19:13:10,212
2023-02-13 19:18:10,208
2023-02-13 19:23:10,202
2023-02-13 19:28:10,199
2023-02-13 19:33:11,193
2023-02-13 19:38:10,186
2023-02-13 19:43:10,178
2023-02-13 19:48:10,167
2023-02-13 19:53:11,156
2023-02-13 19:58:10,146
2023-02-13 20:03:10,139
2023-02-13 20:08:10,132
2023-02-13 20:13:11,126
2023-02-13 20:18:11,124
2023-02-13 20:23:11,114
2023-02-13 20:28:11,97
2023-02-13 20:33:10,83
2023-02-13 20:38:10,79
2023-02-13 20:43:10,72
2023-02-13 20:48:10,70
2023-02-13 20:53:10,63
2023-02-13 20:58:10,53
2023-02-13 21:03:10,49
2023-02-13 21:08:10,61
2023-02-13 21:13:10,84
2023-02-13 21:18:10,118
2023-02-13 21:23:10,145
2023-02-13 21:28:10,166
2023-02-13 21:33:10,179
2023-02-13 21:38:10,183
2023-02-13 21:43:10,184
2023-02-13 21:48:10,188
2023-02-13 21:53:11,189
2023-02-13 21:58:10,187
2023-02-13 22:03:10,182
2023-02-13 22:08:10,176
2023-02-13 22:13:10,171
2023-02-13 22:18:10,167
2023-02-13 22:23:11,165
2023-02-13 22:28:10,165
2023-02-13 22:33:11,169
2023-02-13 22:38:10,174
2023-02-13 22:43:10,176
2023-02-13 22:48:10,177
2023-02-13 22:53:10,180
2023-02-13 22:58:10,184
2023-02-13 23:03:10,186
2023-02-13 23:08:10,185
2023-02-13 23:13:10,181
2023-02-13 23:18:10,178
2023-02-13 23:23:10,179
2023-02-13 23:28:11,180
2023-02-13 23:33:10,181
2023-02-13 23:38:10,181
2023-02-13 23:43:10,183
2023-02-13 23:48:10,180
2023-02-13 23:53:10,179
2023-02-13 23:58:11,177
2023-02-14 00:03:10,175
2023-02-14 00:08:10,176
2023-02-14 00:13:10,173
2023-02-14 00:18:10,181
2023-02-14 00:23:11,178
2023-02-14 00:28:10,173
2023-02-14 00:33:10,168
2023-02-14 00:38:10,164
2023-02-14 00:43:09,160
2023-02-14 00:48:09,160
2023-02-14 00:53:09,159
2023-02-14 00:58:09,158
2023-02-14 01:03:09,151
2023-02-14 01:08:10,145
2023-02-14 01:13:10,136
2023-02-14 01:18:09,130
2023-02-14 01:23:10,126
2023-02-14 01:28:10,123
2023-02-14 01:33:10,119
2023-02-14 01:38:09,116
2023-02-14 01:43:09,115
2023-02-14 01:48:09,115
2023-02-14 01:53:10,114
2023-02-14 01:58:09,114
2023-02-14 02:03:09,116
2023-02-14 02:08:10,119
2023-02-14 02:13:09,127
2023-02-14 02:18:09,133
2023-02-14 02:23:09,142
2023-02-14 02:28:09,149
2023-02-14 02:33:10,152
2023-02-14 02:38:09,156
2023-02-14 02:43:09,155
2023-02-14 02:48:10,153
2023-02-14 02:53:10,150
2023-02-14 02:58:09,143
2023-02-14 03:03:10,135
2023-02-14 03:08:09,136
2023-02-14 03:13:09,136
2023-02-14 03:18:09,138
2023-02-14 03:23:10,136
2023-02-14 03:28:10,135
2023-02-14 03:33:09,142
2023-02-14 03:38:09,145
2023-02-14 03:43:10,146
2023-02-14 03:48:09,145
2023-02-14 03:53:09,141
2023-02-14 03:58:09,139
2023-02-14 04:03:09,143
2023-02-14 04:08:09,151
2023-02-14 04:13:09,155
2023-02-14 04:18:09,149
2023-02-14 04:23:10,148
2023-02-14 04:28:09,147
2023-02-14 04:33:09,144
2023-02-14 04:38:09,145
2023-02-14 04:43:09,149
2023-02-14 04:48:09,154
2023-02-14 04:53:10,157
2023-02-14 04:58:09,160
2023-02-14 05:03:09,161
2023-02-14 05:08:09,156
2023-02-14 05:13:10,151
2023-02-14 05:18:10,151
2023-02-14 05:23:09,154
2023-02-14 05:28:09,157
2023-02-14 05:33:09,161
2023-02-14 05:38:09,163
2023-02-14 05:43:09,165
2023-02-14 05:48:10,169
2023-02-14 05:53:09,176
2023-02-14 05:58:10,179
2023-02-14 06:03:09,179
2023-02-14 06:08:09,174
2023-02-14 06:13:09,176
2023-02-14 06:18:09,180
2023-02-14 06:23:09,180
2023-02-14 06:28:09,181
2023-02-14 06:33:10,181
2023-02-14 06:38:09,182
2023-02-14 06:43:09,186
2023-02-14 06:48:09,190
2023-02-14 06:53:10,187
2023-02-14 06:58:09,186
2023-02-14 07:03:09,185
2023-02-14 07:08:10,190
2023-02-14 07:13:10,194
2023-02-14 07:18:10,196
2023-02-14 07:23:10,194
2023-02-14 07:28:10,192
2023-02-14 07:33:09,188
2023-02-14 07:38:10,186
2023-02-14 07:43:09,189
2023-02-14 07:48:09,189
2023-02-14 07:53:10,194
2023-02-14 07:58:09,207
2023-02-14 08:03:09,206
2023-02-14 08:08:10,215
2023-02-14 08:13:09,216
2023-02-14 08:18:09,218
2023-02-14 08:23:09,218
2023-02-14 08:28:10,227
2023-02-14 08:33:10,224
2023-02-14 08:38:10,228
2023-02-14 08:43:09,218
2023-02-14 08:48:10,209
2023-02-14 08:53:09,208
2023-02-14 08:58:10,213
2023-02-14 09:03:09,215
2023-02-14 09:08:10,216
2023-02-14 09:13:10,214
2023-02-14 09:18:10,210
2023-02-14 09:23:10,206
2023-02-14 09:28:09,205
2023-02-14 09:33:10,212
2023-02-14 09:38:09,222
2023-02-14 09:43:09,235
2023-02-14 09:48:09,250
2023-02-14 09:53:10,259
2023-02-14 09:58:09,275
2023-02-14 10:03:09,284
2023-02-14 10:08:11,290
2023-02-14 10:13:10,294
2023-02-14 10:18:10,298
2023-02-14 10:23:10,301
2023-02-14 10:28:11,307
2023-02-14 10:33:10,311
2023-02-14 10:38:10,317
2023-02-14 10:43:11,321
2023-02-14 10:48:11,322
2023-02-14 10:53:10,322
2023-02-14 10:58:11,321
2023-02-14 11:03:11,322
2023-02-14 11:08:11,321
2023-02-14 11:13:11,315
2023-02-14 11:18:11,311
2023-02-14 11:23:11,302
2023-02-14 11:28:11,293
2023-02-14 11:33:11,280
2023-02-14 11:38:10,268
2023-02-14 11:43:11,256
2023-02-14 11:48:10,245
2023-02-14 11:53:10,233
2023-02-14 11:58:10,219
2023-02-14 12:03:10,199
2023-02-14 12:08:11,182
2023-02-14 12:13:10,157
2023-02-14 12:18:10,130
2023-02-14 12:23:10,114
2023-02-14 12:28:10,102
2023-02-14 12:33:10,96
2023-02-14 12:38:11,89
2023-02-14 12:43:11,84
2023-02-14 12:48:10,76
2023-02-14 12:53:10,72
2023-02-14 12:58:10,63
2023-02-14 13:03:10,60
2023-02-14 13:08:10,61
2023-02-14 13:13:10,64
2023-02-14 13:18:10,73
2023-02-14 13:23:10,89
2023-02-14 13:28:10,105
2023-02-14 13:33:10,118
2023-02-14 13:38:10,122
2023-02-14 13:43:10,121
2023-02-14 13:48:10,113
2023-02-14 13:53:10,106
2023-02-14 13:58:10,99
2023-02-14 14:03:10,94
2023-02-14 14:08:10,92
2023-02-14 14:13:10,90
2023-02-14 14:18:10,87
2023-02-14 14:23:09,83
2023-02-14 14:28:10,80
2023-02-14 14:33:09,78
2023-02-14 14:38:10,75
2023-02-14 14:43:11,72
2023-02-14 14:48:11,74
2023-02-14 14:53:11,83
2023-02-14 14:58:11,94
2023-02-14 15:03:11,100
2023-02-14 15:08:11,108
2023-02-14 15:13:11,118
2023-02-14 15:18:11,131
2023-02-14 15:23:10,127
2023-02-14 15:28:11,118
2023-02-14 15:33:10,106
2023-02-14 15:38:11,96
2023-02-14 15:43:10,87
2023-02-14 15:48:11,81
2023-02-14 15:53:11,73
2023-02-14 15:58:11,77
2023-02-14 16:03:10,84
2023-02-14 16:08:10,86
2023-02-14 16:13:11,82
2023-02-14 16:18:10,75
2023-02-14 16:23:10,74
2023-02-14 16:28:11,79
2023-02-14 16:33:11,89
2023-02-14 16:38:11,100
2023-02-14 16:43:10,107
2023-02-14 16:48:11,109
2023-02-14 16:53:11,111
2023-02-14 16:58:11,112
2023-02-14 17:03:11,115
2023-02-14 17:08:11,123
2023-02-14 17:13:11,131
2023-02-14 17:18:10,137
2023-02-14 17:23:10,143
2023-02-14 17:28:11,157
2023-02-14 17:33:10,171
2023-02-14 17:38:10,177
2023-02-14 17:43:09,175
2023-02-14 17:48:10,177
2023-02-14 17:53:09,186
2023-02-14 17:58:10,196
2023-02-14 18:03:09,202
2023-02-14 18:08:09,203
2023-02-14 18:13:09,203
2023-02-14 18:18:10,199
2023-02-14 18:23:09,199
2023-02-14 18:28:10,194
2023-02-14 18:33:09,176
2023-02-14 18:38:10,153
2023-02-14 18:43:10,141
2023-02-14 18:48:10,132
2023-02-14 18:53:10,128
2023-02-14 18:58:09,128
2023-02-14 19:03:09,131
2023-02-14 19:08:09,137
2023-02-14 19:13:09,141
2023-02-14 19:18:10,142
2023-02-14 19:23:10,145
2023-02-14 19:28:10,147
2023-02-14 19:33:10,152
2023-02-14 19:38:10,162
2023-02-14 19:43:09,174
2023-02-14 19:48:10,186
2023-02-14 19:53:10,198
2023-02-14 19:58:09,202
2023-02-14 20:03:10,206
2023-02-14 20:08:09,213
2023-02-14 20:13:10,211
2023-02-14 20:18:10,207
2023-02-14 20:23:10,203
2023-02-14 20:28:10,204
2023-02-14 20:33:10,207
2023-02-14 20:38:10,212
2023-02-14 20:43:10,219
2023-02-14 20:48:09,226
2023-02-14 20:53:10,226
2023-02-14 20:58:09,220
2023-02-14 21:03:10,215
2023-02-14 21:08:10,211
2023-02-14 21:13:09,204
2023-02-14 21:18:10,198
2023-02-14 21:23:09,193
2023-02-14 21:28:10,187
2023-02-14 21:33:10,183
2023-02-14 21:38:10,178
2023-02-14 21:43:10,170
2023-02-14 21:48:09,166
2023-02-14 21:53:10,163
2023-02-14 21:58:09,159
2023-02-14 22:03:09,157
2023-02-14 22:08:09,155
2023-02-14 22:13:09,154
2023-02-14 22:18:10,157
2023-02-14 22:23:10,157
2023-02-14 22:28:11,154
2023-02-14 22:33:11,148
2023-02-14 22:38:11,148
2023-02-14 22:43:11,139
2023-02-14 22:48:10,127
2023-02-14 22:53:10,118
2023-02-14 22:58:10,103
2023-02-14 23:03:10,90
2023-02-14 23:08:10,81
2023-02-14 23:13:11,74
2023-02-14 23:18:11,70
2023-02-14 23:23:10,67
2023-02-14 23:28:11,68
2023-02-14 23:33:10,61
2023-02-14 23:38:10,55
2023-02-14 23:43:11,60
2023-02-14 23:48:11,63
2023-02-14 23:53:11,63
2023-02-14 23:58:11,55
2023-02-15 00:03:10,49
2023-02-15 00:08:11,55
2023-02-15 00:13:10,62
2023-02-15 00:18:11,68
2023-02-15 00:23:10,80
2023-02-15 00:28:11,92
2023-02-15 00:33:10,98
2023-02-15 00:38:11,104
2023-02-15 00:43:10,110
2023-02-15 00:48:10,110
2023-02-15 00:53:11,111
2023-02-15 00:58:11,111
2023-02-15 01:03:10,113
2023-02-15 01:08:10,105
2023-02-15 01:13:11,98
2023-02-15 01:18:11,96
2023-02-15 01:23:11,101
2023-02-15 01:28:11,106
2023-02-15 01:33:11,110
2023-02-15 01:38:11,114
2023-02-15 01:43:11,118
2023-02-15 01:48:10,121
2023-02-15 01:53:11,126
2023-02-15 01:58:11,131
2023-02-15 02:03:10,136
2023-02-15 02:08:11,140
2023-02-15 02:13:11,145
2023-02-15 02:18:11,152
2023-02-15 02:23:10,159
2023-02-15 02:28:11,164
2023-02-15 02:33:10,168
2023-02-15 02:38:10,168
2023-02-15 02:43:11,162
2023-02-15 02:48:10,170
2023-02-15 02:53:10,177
2023-02-15 02:58:11,185
2023-02-15 03:03:11,192
2023-02-15 03:08:11,198
2023-02-15 03:13:10,206
2023-02-15 03:18:10,213
2023-02-15 03:23:11,213
2023-02-15 03:28:10,213
2023-02-15 03:33:10,214
2023-02-15 03:38:11,217
2023-02-15 03:43:10,227
2023-02-15 03:48:11,230
2023-02-15 03:53:11,234
2023-02-15 03:58:10,235
2023-02-15 04:03:11,231
2023-02-15 04:08:10,231
2023-02-15 04:13:11,232
2023-02-15 04:18:11,234
2023-02-15 04:23:10,236
2023-02-15 04:28:11,235
2023-02-15 04:33:10,237
2023-02-15 04:38:10,220
2023-02-15 04:43:11,236
2023-02-15 04:48:10,236
2023-02-15 04:53:10,235
2023-02-15 04:58:11,232
2023-02-15 05:03:11,229
2023-02-15 05:08:11,230
2023-02-15 05:13:11,230
2023-02-15 05:18:11,226
2023-02-15 05:23:11,226
2023-02-15 05:28:11,221
2023-02-15 05:33:11,213
2023-02-15 05:38:11,208
2023-02-15 05:43:10,206
2023-02-15 05:48:10,215
2023-02-15 05:53:11,227
2023-02-15 05:58:11,226
2023-02-15 06:03:11,220
2023-02-15 06:08:10,216
2023-02-15 06:13:11,215
2023-02-15 06:18:11,218
2023-02-15 06:23:11,221
2023-02-15 06:28:10,216
2023-02-15 06:33:11,214
2023-02-15 06:38:11,209
2023-02-15 06:43:11,215
2023-02-15 06:48:11,223
2023-02-15 06:53:10,227
2023-02-15 06:58:10,225
2023-02-15 07:03:10,218
2023-02-15 07:08:10,214
2023-02-15 07:13:11,212
2023-02-15 07:18:10,212
2023-02-15 07:23:10,212
2023-02-15 07:28:11,209
2023-02-15 07:33:11,208
2023-02-15 07:38:11,202
2023-02-15 07:43:11,198
2023-02-15 07:48:10,187
2023-02-15 07:53:10,178
2023-02-15 07:58:11,171
2023-02-15 08:03:11,167
2023-02-15 08:08:11,182
2023-02-15 08:13:10,192
2023-02-15 08:18:11,193
2023-02-15 08:23:10,188
2023-02-15 08:28:11,177
2023-02-15 08:33:10,174
2023-02-15 08:38:11,179
2023-02-15 08:43:11,165
2023-02-15 08:48:11,156
2023-02-15 08:53:11,151
2023-02-15 08:58:11,158
2023-02-15 09:03:10,166
2023-02-15 09:08:11,165
2023-02-15 09:13:11,168
2023-02-15 09:18:10,174
2023-02-15 09:23:11,176
2023-02-15 09:28:11,178
2023-02-15 09:33:11,177
2023-02-15 09:38:10,174
2023-02-15 09:43:10,160
2023-02-15 09:48:10,139
2023-02-15 09:53:10,117
2023-02-15 09:58:11,96
2023-02-15 10:03:10,81
2023-02-15 10:08:10,75
2023-02-15 10:13:09,85
2023-02-15 10:18:09,88
2023-02-15 10:23:09,89
2023-02-15 10:28:10,88
2023-02-15 10:33:10,80
2023-02-15 10:38:10,78
2023-02-15 10:43:10,78
2023-02-15 10:48:10,82
2023-02-15 10:53:10,91
2023-02-15 10:58:10,97
2023-02-15 11:03:10,101
2023-02-15 11:08:11,101
2023-02-15 11:13:11,103
2023-02-15 11:18:11,109
2023-02-15 11:23:11,112
2023-02-15 11:28:11,114
2023-02-15 11:33:10,116
2023-02-15 11:38:11,117
2023-02-15 11:43:11,118
2023-02-15 11:48:11,116
2023-02-15 11:53:11,112
2023-02-15 11:58:11,110
2023-02-15 12:03:11,107
2023-02-15 12:08:10,97
2023-02-15 12:13:11,92
2023-02-15 12:18:10,88
2023-02-15 12:23:11,84
2023-02-15 12:28:11,82
2023-02-15 12:33:11,79
2023-02-15 12:38:10,83
2023-02-15 12:43:11,86
2023-02-15 12:48:11,91
2023-02-15 12:53:11,101
2023-02-15 12:58:11,115
2023-02-15 13:03:11,126
2023-02-15 13:08:10,140
2023-02-15 13:13:11,153
2023-02-15 13:18:11,165
2023-02-15 13:23:11,174
2023-02-15 13:28:11,179
2023-02-15 13:33:09,182
2023-02-15 13:38:09,183
2023-02-15 13:43:10,184
2023-02-15 13:48:10,181
2023-02-15 13:53:10,174
2023-02-15 13:58:09,167
2023-02-15 14:03:09,162
2023-02-15 14:08:10,162
2023-02-15 14:13:10,163
2023-02-15 14:18:10,160
2023-02-15 14:23:09,152
2023-02-15 14:28:09,141
2023-02-15 14:33:09,134
2023-02-15 14:38:10,133
2023-02-15 14:43:09,139
2023-02-15 14:48:10,149
2023-02-15 14:53:10,156
2023-02-15 14:58:10,157
2023-02-15 15:03:10,153
2023-02-15 15:08:09,155
2023-02-15 15:13:10,153
2023-02-15 15:18:10,147
2023-02-15 15:23:10,115
2023-02-15 15:28:10,94
2023-02-15 15:33:10,101
2023-02-15 15:38:10,112
2023-02-15 15:43:10,113
2023-02-15 15:48:10,106
2023-02-15 15:53:10,101
2023-02-15 15:58:10,85
2023-02-15 16:03:10,104
2023-02-15 16:08:10,86
2023-02-15 16:13:10,101
2023-02-15 16:18:10,107
2023-02-15 16:23:10,108
2023-02-15 16:28:10,106
2023-02-15 16:33:10,97
2023-02-15 16:38:10,97
2023-02-15 16:43:10,95
2023-02-15 16:48:10,93
2023-02-15 16:53:10,89
2023-02-15 16:58:10,87
2023-02-15 17:03:10,84
2023-02-15 17:08:10,81
2023-02-15 17:13:10,78
2023-02-15 17:18:09,76
2023-02-15 17:23:10,73
2023-02-15 17:28:10,67
2023-02-15 17:33:10,63
2023-02-15 17:38:10,71
2023-02-15 17:43:10,74
2023-02-15 17:48:10,78
2023-02-15 17:53:10,82
2023-02-15 17:58:10,87
2023-02-15 18:03:09,88
2023-02-15 18:08:10,92
2023-02-15 18:13:10,97
2023-02-15 18:18:10,105
2023-02-15 18:23:10,114
2023-02-15 18:28:09,119
2023-02-15 18:33:09,123
2023-02-15 18:38:10,126
2023-02-15 18:43:10,130
2023-02-15 18:48:10,131
2023-02-15 18:53:10,129
2023-02-15 18:58:10,126
2023-02-15 19:03:10,121
2023-02-15 19:08:10,111
2023-02-15 19:13:10,104
2023-02-15 19:18:10,103
2023-02-15 19:23:10,105
2023-02-15 19:28:10,110
2023-02-15 19:33:10,112
2023-02-15 19:38:10,113
2023-02-15 19:43:09,113
2023-02-15 19:48:10,113
2023-02-15 19:53:09,113
2023-02-15 19:58:10,113
2023-02-15 20:03:10,114
2023-02-15 20:08:09,112
2023-02-15 20:13:10,111
2023-02-15 20:18:10,105
2023-02-15 20:23:10,96
2023-02-15 20:28:09,95
2023-02-15 20:33:10,99
2023-02-15 20:38:09,106
2023-02-15 20:43:10,108
2023-02-15 20:48:10,103
2023-02-15 20:53:09,98
2023-02-15 20:58:10,98
2023-02-15 21:03:10,101
2023-02-15 21:08:10,104
2023-02-15 21:13:10,104
2023-02-15 21:18:09,108
2023-02-15 21:23:09,114
2023-02-15 21:28:09,123
2023-02-15 21:33:09,127
2023-02-15 21:38:10,134
2023-02-15 21:43:09,140
2023-02-15 21:48:09,141
2023-02-15 21:53:10,143
2023-02-15 21:58:09,146
2023-02-15 22:03:10,147
2023-02-15 22:08:09,148
2023-02-15 22:13:09,151
2023-02-15 22:18:10,154
2023-02-15 22:23:10,158
2023-02-15 22:28:10,163
2023-02-15 22:33:09,165
2023-02-15 22:38:09,148
2023-02-15 22:43:10,174
2023-02-15 22:48:10,187
2023-02-15 22:53:10,194
2023-02-15 22:58:10,194
2023-02-15 23:03:10,182
2023-02-15 23:08:10,177
2023-02-15 23:13:10,167
2023-02-15 23:18:10,156
2023-02-15 23:23:10,136
2023-02-15 23:28:10,124
2023-02-15 23:33:10,119
2023-02-15 23:38:09,129
2023-02-15 23:43:10,122
2023-02-15 23:48:10,119
2023-02-15 23:53:09,118
2023-02-15 23:58:10,122
